{
    "version": "0.4",
    "title": "Blogs",
    "type": "page",
    "metadata": {
        "template_type": "single-page",
        "include_in_zip": "1",
        "elementor_pro_required": null,
        "wp_page_template": "elementor_header_footer"
    },
    "content": [
        {
            "id": "7a3bee72",
            "settings": {
                "flex_direction": "column",
                "min_height": {
                    "unit": "vh",
                    "size": 50,
                    "sizes": []
                },
                "min_height_tablet": {
                    "unit": "vh",
                    "size": "",
                    "sizes": []
                },
                "min_height_mobile": {
                    "unit": "vh",
                    "size": "",
                    "sizes": []
                },
                "flex_justify_content": "center",
                "background_background": "gradient",
                "background_overlay_background": "classic",
                "background_overlay_image": {
                    "url": "https:\/\/kits.krakenbox.net\/taoblaz\/wp-content\/uploads\/sites\/39\/2025\/09\/having-phone-call-2025-01-31-00-43-41-utc.jpg",
                    "id": 337,
                    "size": "",
                    "alt": "",
                    "source": "library"
                },
                "background_overlay_position": "center center",
                "background_overlay_size": "cover",
                "background_overlay_opacity": {
                    "unit": "px",
                    "size": 0.25,
                    "sizes": []
                },
                "css_filters_css_filter": "custom",
                "css_filters_saturate": {
                    "unit": "px",
                    "size": 0,
                    "sizes": []
                },
                "border_radius": {
                    "unit": "px",
                    "top": "0",
                    "right": "0",
                    "bottom": "50",
                    "left": "50",
                    "isLinked": false
                },
                "__globals__": {
                    "background_color": "globals\/colors?id=primary",
                    "background_color_b": "globals\/colors?id=accent"
                },
                "_title": "Header Heading"
            },
            "elements": [
                {
                    "id": "6c38832c",
                    "settings": {
                        "content_width": "full",
                        "width": {
                            "unit": "%",
                            "size": 50,
                            "sizes": []
                        },
                        "flex_gap": {
                            "column": "10",
                            "row": "10",
                            "isLinked": true,
                            "unit": "px",
                            "size": 10
                        },
                        "_flex_align_self": "center",
                        "_title": "Header Heading"
                    },
                    "elements": [
                        {
                            "id": "1e3ccac1",
                            "settings": {
                                "title": "Blogs",
                                "header_size": "h1",
                                "align": "center"
                            },
                            "elements": [],
                            "isInner": false,
                            "widgetType": "heading",
                            "elType": "widget"
                        },
                        {
                            "id": "5931ee43",
                            "settings": {
                                "editor": "<p><a href=\"#\">Homepage<\/a> \/ Blogs<\/p>",
                                "align": "center",
                                "link_hover_color_transition_duration": {
                                    "unit": "s",
                                    "size": 0.2,
                                    "sizes": []
                                },
                                "__globals__": {
                                    "typography_typography": "globals\/typography?id=accent",
                                    "text_color": "globals\/colors?id=secondary",
                                    "link_color": "globals\/colors?id=723b1d2",
                                    "link_hover_color": "globals\/colors?id=secondary"
                                }
                            },
                            "elements": [],
                            "isInner": false,
                            "widgetType": "text-editor",
                            "elType": "widget"
                        }
                    ],
                    "isInner": true,
                    "elType": "container"
                }
            ],
            "isInner": false,
            "elType": "container"
        },
        {
            "id": "614d3774",
            "settings": {
                "flex_direction": "column",
                "flex_gap": {
                    "column": "50",
                    "row": "50",
                    "isLinked": true,
                    "unit": "px",
                    "size": 50
                },
                "padding": {
                    "unit": "em",
                    "top": "6",
                    "right": "0",
                    "bottom": "6",
                    "left": "0",
                    "isLinked": false
                },
                "padding_tablet": {
                    "unit": "em",
                    "top": "",
                    "right": "",
                    "bottom": "",
                    "left": "",
                    "isLinked": true
                },
                "padding_mobile": {
                    "unit": "em",
                    "top": "",
                    "right": "",
                    "bottom": "",
                    "left": "",
                    "isLinked": true
                },
                "_title": "Blogs"
            },
            "elements": [
                {
                    "id": "6bcc9d12",
                    "settings": {
                        "content_width": "full",
                        "width": {
                            "unit": "%",
                            "size": 45,
                            "sizes": []
                        },
                        "_flex_align_self": "center",
                        "_title": "Heading",
                        "width_tablet": {
                            "unit": "%",
                            "size": 90,
                            "sizes": []
                        },
                        "width_mobile": {
                            "unit": "%",
                            "size": "",
                            "sizes": []
                        }
                    },
                    "elements": [
                        {
                            "id": "3be2d733",
                            "settings": {
                                "title": "Blogs",
                                "header_size": "h6",
                                "align": "center"
                            },
                            "elements": [],
                            "isInner": false,
                            "widgetType": "heading",
                            "elType": "widget"
                        },
                        {
                            "id": "5553f086",
                            "settings": {
                                "title": "Fresh Perspectives for Your Journey",
                                "align": "center"
                            },
                            "elements": [],
                            "isInner": false,
                            "widgetType": "heading",
                            "elType": "widget"
                        }
                    ],
                    "isInner": true,
                    "elType": "container"
                },
                {
                    "id": "f02ee44",
                    "settings": {
                        "thumbnail_size": "full",
                        "show-read-more": "",
                        "post-count": 6,
                        "show-floating-categories": "yes",
                        "readmore-text": "Read More",
                        "wrapper_background_background": "classic",
                        "container_border_radius": {
                            "unit": "px",
                            "top": "15",
                            "right": "15",
                            "bottom": "15",
                            "left": "15",
                            "isLinked": true
                        },
                        "floating_date_background_background": "classic",
                        "floating-date-border-radius": {
                            "unit": "px",
                            "top": "10",
                            "right": "10",
                            "bottom": "10",
                            "left": "10",
                            "isLinked": true
                        },
                        "floating_category_background_background": "classic",
                        "floating-category-border-radius": {
                            "unit": "px",
                            "top": "15",
                            "right": "15",
                            "bottom": "15",
                            "left": "15",
                            "isLinked": true
                        },
                        "__globals__": {
                            "wrapper_background_color": "globals\/colors?id=a486646",
                            "title_typography_typography": "globals\/typography?id=aca0dbf",
                            "title_color_normal": "globals\/colors?id=primary",
                            "title_color_hover": "globals\/colors?id=6cbad39",
                            "floating_date_text_color": "globals\/colors?id=secondary",
                            "floating_date_background_color": "globals\/colors?id=6cbad39",
                            "meta-color-normal": "globals\/colors?id=text",
                            "meta-iconcolor-normal": "globals\/colors?id=text",
                            "blog_content_typography_typography": "globals\/typography?id=text",
                            "content_color": "globals\/colors?id=text",
                            "content_hover_color": "globals\/colors?id=primary",
                            "floating_category_typography_typography": "globals\/typography?id=text",
                            "floating_category_background_color": "globals\/colors?id=6cbad39",
                            "floating_category_text_color": "globals\/colors?id=secondary",
                            "floating_category_text_color_hover": "globals\/colors?id=secondary",
                            "floating_category_border_color_hover": "globals\/colors?id=6cbad39"
                        }
                    },
                    "elements": [],
                    "isInner": false,
                    "widgetType": "rkit-post-grid-post",
                    "elType": "widget"
                }
            ],
            "isInner": false,
            "elType": "container"
        }
    ]
}