{
    "version": "0.4",
    "title": "Contact Us",
    "type": "page",
    "metadata": {
        "template_type": "single-page",
        "include_in_zip": "1",
        "elementor_pro_required": null,
        "wp_page_template": "elementor_header_footer"
    },
    "content": [
        {
            "id": "6b1eeab4",
            "settings": {
                "flex_direction": "column",
                "min_height": {
                    "unit": "vh",
                    "size": 50,
                    "sizes": []
                },
                "min_height_tablet": {
                    "unit": "vh",
                    "size": "",
                    "sizes": []
                },
                "min_height_mobile": {
                    "unit": "vh",
                    "size": "",
                    "sizes": []
                },
                "flex_justify_content": "center",
                "background_background": "gradient",
                "background_overlay_background": "classic",
                "background_overlay_image": {
                    "url": "https:\/\/kits.krakenbox.net\/taoblaz\/wp-content\/uploads\/sites\/39\/2025\/09\/having-phone-call-2025-01-31-00-43-41-utc.jpg",
                    "id": 337,
                    "size": "",
                    "alt": "",
                    "source": "library"
                },
                "background_overlay_position": "center center",
                "background_overlay_size": "cover",
                "background_overlay_opacity": {
                    "unit": "px",
                    "size": 0.25,
                    "sizes": []
                },
                "css_filters_css_filter": "custom",
                "css_filters_saturate": {
                    "unit": "px",
                    "size": 0,
                    "sizes": []
                },
                "border_radius": {
                    "unit": "px",
                    "top": "0",
                    "right": "0",
                    "bottom": "50",
                    "left": "50",
                    "isLinked": false
                },
                "__globals__": {
                    "background_color": "globals\/colors?id=primary",
                    "background_color_b": "globals\/colors?id=accent"
                },
                "_title": "Header Heading"
            },
            "elements": [
                {
                    "id": "8d6bf27",
                    "settings": {
                        "content_width": "full",
                        "width": {
                            "unit": "%",
                            "size": 50,
                            "sizes": []
                        },
                        "flex_gap": {
                            "column": "10",
                            "row": "10",
                            "isLinked": true,
                            "unit": "px",
                            "size": 10
                        },
                        "_flex_align_self": "center",
                        "_title": "Header Heading"
                    },
                    "elements": [
                        {
                            "id": "60e3d617",
                            "settings": {
                                "title": "Contact Us",
                                "header_size": "h1",
                                "align": "center"
                            },
                            "elements": [],
                            "isInner": false,
                            "widgetType": "heading",
                            "elType": "widget"
                        },
                        {
                            "id": "346a1cba",
                            "settings": {
                                "editor": "<p><a href=\"#\">Homepage<\/a> \/ Contact Us<\/p>",
                                "align": "center",
                                "link_hover_color_transition_duration": {
                                    "unit": "s",
                                    "size": 0.2,
                                    "sizes": []
                                },
                                "__globals__": {
                                    "typography_typography": "globals\/typography?id=accent",
                                    "text_color": "globals\/colors?id=secondary",
                                    "link_color": "globals\/colors?id=723b1d2",
                                    "link_hover_color": "globals\/colors?id=secondary"
                                }
                            },
                            "elements": [],
                            "isInner": false,
                            "widgetType": "text-editor",
                            "elType": "widget"
                        }
                    ],
                    "isInner": true,
                    "elType": "container"
                }
            ],
            "isInner": false,
            "elType": "container"
        },
        {
            "id": "6a7c4741",
            "settings": {
                "flex_direction": "row",
                "flex_direction_tablet": "column",
                "padding": {
                    "unit": "em",
                    "top": "6",
                    "right": "0",
                    "bottom": "6",
                    "left": "0",
                    "isLinked": false
                },
                "padding_tablet": {
                    "unit": "em",
                    "top": "",
                    "right": "",
                    "bottom": "",
                    "left": "",
                    "isLinked": true
                },
                "padding_mobile": {
                    "unit": "em",
                    "top": "",
                    "right": "",
                    "bottom": "",
                    "left": "",
                    "isLinked": true
                }
            },
            "elements": [
                {
                    "id": "b02bd86",
                    "settings": {
                        "content_width": "full",
                        "flex_justify_content": "center",
                        "_title": "Left"
                    },
                    "elements": [
                        {
                            "id": "4456f84",
                            "settings": {
                                "title": "get in touch",
                                "header_size": "h6",
                                "align_mobile": "center"
                            },
                            "elements": [],
                            "isInner": false,
                            "widgetType": "heading",
                            "elType": "widget"
                        },
                        {
                            "id": "58bf12b7",
                            "settings": {
                                "title": "Let\u2019s Talk About Your Business Goals",
                                "__globals__": {
                                    "title_color": ""
                                },
                                "align_mobile": "center"
                            },
                            "elements": [],
                            "isInner": false,
                            "widgetType": "heading",
                            "elType": "widget"
                        },
                        {
                            "id": "28ec2fcc",
                            "settings": {
                                "align_mobile": "center",
                                "__globals__": {
                                    "text_color": ""
                                }
                            },
                            "elements": [],
                            "isInner": false,
                            "widgetType": "text-editor",
                            "elType": "widget"
                        },
                        {
                            "id": "34ef1de0",
                            "settings": {
                                "content_width": "full",
                                "flex_direction": "row"
                            },
                            "elements": [
                                {
                                    "id": "353dbe8e",
                                    "settings": {
                                        "selected_icon": {
                                            "value": "fas fa-phone-alt",
                                            "library": "fa-solid"
                                        },
                                        "view": "stacked",
                                        "title_text": "Our Number",
                                        "description_text": "0761-8523-398",
                                        "title_size": "h5",
                                        "position": "left",
                                        "position_mobile": "left",
                                        "content_vertical_alignment": "middle",
                                        "icon_space": {
                                            "unit": "px",
                                            "size": 20,
                                            "sizes": []
                                        },
                                        "icon_space_mobile": {
                                            "unit": "px",
                                            "size": 18,
                                            "sizes": []
                                        },
                                        "title_bottom_space": {
                                            "unit": "px",
                                            "size": 0,
                                            "sizes": []
                                        },
                                        "title_bottom_space_mobile": {
                                            "unit": "px",
                                            "size": 0,
                                            "sizes": []
                                        },
                                        "icon_size": {
                                            "unit": "px",
                                            "size": 30,
                                            "sizes": []
                                        },
                                        "_padding": {
                                            "unit": "px",
                                            "top": "8",
                                            "right": "8",
                                            "bottom": "8",
                                            "left": "8",
                                            "isLinked": true
                                        },
                                        "_element_width": "initial",
                                        "_element_custom_width": {
                                            "unit": "%",
                                            "size": 50,
                                            "sizes": []
                                        },
                                        "_element_custom_width_mobile": {
                                            "unit": "%",
                                            "size": 100,
                                            "sizes": []
                                        },
                                        "_background_background": "classic",
                                        "_border_radius": {
                                            "unit": "px",
                                            "top": "100",
                                            "right": "100",
                                            "bottom": "100",
                                            "left": "100",
                                            "isLinked": true
                                        },
                                        "__globals__": {
                                            "title_typography_typography": "globals\/typography?id=aca0dbf",
                                            "description_typography_typography": "globals\/typography?id=f9e0364",
                                            "_background_color": "globals\/colors?id=80ad6fd",
                                            "primary_color": "globals\/colors?id=accent",
                                            "secondary_color": "globals\/colors?id=secondary",
                                            "title_color": "globals\/colors?id=secondary",
                                            "description_color": "globals\/colors?id=secondary"
                                        }
                                    },
                                    "elements": [],
                                    "isInner": false,
                                    "widgetType": "icon-box",
                                    "elType": "widget"
                                },
                                {
                                    "id": "134cb011",
                                    "settings": {
                                        "selected_icon": {
                                            "value": "fas fa-envelope",
                                            "library": "fa-solid"
                                        },
                                        "view": "stacked",
                                        "title_text": "Our Email",
                                        "description_text": "hello@domainsite.com",
                                        "title_size": "h5",
                                        "position": "left",
                                        "position_mobile": "left",
                                        "content_vertical_alignment": "middle",
                                        "icon_space": {
                                            "unit": "px",
                                            "size": 20,
                                            "sizes": []
                                        },
                                        "title_bottom_space": {
                                            "unit": "px",
                                            "size": 0,
                                            "sizes": []
                                        },
                                        "icon_size": {
                                            "unit": "px",
                                            "size": 30,
                                            "sizes": []
                                        },
                                        "_padding": {
                                            "unit": "px",
                                            "top": "8",
                                            "right": "8",
                                            "bottom": "8",
                                            "left": "8",
                                            "isLinked": true
                                        },
                                        "_element_width": "initial",
                                        "_element_custom_width": {
                                            "unit": "%",
                                            "size": 50,
                                            "sizes": []
                                        },
                                        "_element_custom_width_mobile": {
                                            "unit": "%",
                                            "size": 100,
                                            "sizes": []
                                        },
                                        "_background_background": "classic",
                                        "_border_radius": {
                                            "unit": "px",
                                            "top": "100",
                                            "right": "100",
                                            "bottom": "100",
                                            "left": "100",
                                            "isLinked": true
                                        },
                                        "__globals__": {
                                            "title_typography_typography": "globals\/typography?id=aca0dbf",
                                            "description_typography_typography": "globals\/typography?id=text",
                                            "_background_color": "globals\/colors?id=80ad6fd",
                                            "primary_color": "globals\/colors?id=accent",
                                            "secondary_color": "globals\/colors?id=secondary",
                                            "title_color": "globals\/colors?id=secondary",
                                            "description_color": "globals\/colors?id=secondary"
                                        }
                                    },
                                    "elements": [],
                                    "isInner": false,
                                    "widgetType": "icon-box",
                                    "elType": "widget"
                                }
                            ],
                            "isInner": true,
                            "elType": "container"
                        },
                        {
                            "id": "14c7948f",
                            "settings": {
                                "selected_icon": {
                                    "value": "fas fa-map-marker-alt",
                                    "library": "fa-solid"
                                },
                                "view": "stacked",
                                "title_text": "Our Location",
                                "description_text": "KLLG st, No.99, Pku City, ID 28289",
                                "title_size": "h5",
                                "position": "left",
                                "position_mobile": "left",
                                "content_vertical_alignment": "middle",
                                "icon_space": {
                                    "unit": "px",
                                    "size": 20,
                                    "sizes": []
                                },
                                "title_bottom_space": {
                                    "unit": "px",
                                    "size": 0,
                                    "sizes": []
                                },
                                "icon_size": {
                                    "unit": "px",
                                    "size": 30,
                                    "sizes": []
                                },
                                "_padding": {
                                    "unit": "px",
                                    "top": "8",
                                    "right": "8",
                                    "bottom": "8",
                                    "left": "8",
                                    "isLinked": true
                                },
                                "_element_custom_width": {
                                    "unit": "%",
                                    "size": 50,
                                    "sizes": []
                                },
                                "_background_background": "classic",
                                "_border_radius": {
                                    "unit": "px",
                                    "top": "100",
                                    "right": "100",
                                    "bottom": "100",
                                    "left": "100",
                                    "isLinked": true
                                },
                                "__globals__": {
                                    "title_typography_typography": "globals\/typography?id=aca0dbf",
                                    "description_typography_typography": "globals\/typography?id=text",
                                    "_background_color": "globals\/colors?id=80ad6fd",
                                    "primary_color": "globals\/colors?id=accent",
                                    "secondary_color": "globals\/colors?id=secondary",
                                    "title_color": "globals\/colors?id=secondary",
                                    "description_color": "globals\/colors?id=secondary"
                                }
                            },
                            "elements": [],
                            "isInner": false,
                            "widgetType": "icon-box",
                            "elType": "widget"
                        },
                        {
                            "id": "74fc01ec",
                            "settings": {
                                "title": "Our Socialmedia :",
                                "header_size": "h5",
                                "align_mobile": "center",
                                "__globals__": {
                                    "title_color": "globals\/colors?id=primary"
                                }
                            },
                            "elements": [],
                            "isInner": false,
                            "widgetType": "heading",
                            "elType": "widget"
                        },
                        {
                            "id": "375d57e6",
                            "settings": {
                                "social_icon_list": [
                                    {
                                        "social_icon": {
                                            "value": "fab fa-facebook",
                                            "library": "fa-brands"
                                        },
                                        "_id": "baa852a"
                                    },
                                    {
                                        "social_icon": {
                                            "value": "fab fa-youtube",
                                            "library": "fa-brands"
                                        },
                                        "_id": "4e1eaf4"
                                    },
                                    {
                                        "social_icon": {
                                            "value": "fab fa-x-twitter",
                                            "library": "fa-brands"
                                        },
                                        "_id": "89f9722"
                                    },
                                    {
                                        "social_icon": {
                                            "value": "fab fa-instagram",
                                            "library": "fa-brands"
                                        },
                                        "_id": "d73df9c"
                                    }
                                ],
                                "align": "left",
                                "icon_color": "custom",
                                "icon_size": {
                                    "unit": "px",
                                    "size": 18,
                                    "sizes": []
                                },
                                "border_radius": {
                                    "unit": "px",
                                    "top": "100",
                                    "right": "100",
                                    "bottom": "100",
                                    "left": "100",
                                    "isLinked": true
                                },
                                "_flex_align_self_mobile": "center",
                                "__globals__": {
                                    "icon_primary_color": "globals\/colors?id=80ad6fd",
                                    "icon_secondary_color": "globals\/colors?id=secondary",
                                    "hover_primary_color": "globals\/colors?id=accent",
                                    "hover_secondary_color": "globals\/colors?id=primary"
                                }
                            },
                            "elements": [],
                            "isInner": false,
                            "widgetType": "social-icons",
                            "elType": "widget"
                        }
                    ],
                    "isInner": true,
                    "elType": "container"
                },
                {
                    "id": "5b860e87",
                    "settings": {
                        "content_width": "full"
                    },
                    "elements": [
                        {
                            "id": "1ce3a022",
                            "settings": {
                                "form-control": "178",
                                "close_text": "\u2716",
                                "_padding": {
                                    "unit": "em",
                                    "top": "2",
                                    "right": "2",
                                    "bottom": "2",
                                    "left": "2",
                                    "isLinked": true
                                },
                                "_padding_tablet": {
                                    "unit": "em",
                                    "top": "",
                                    "right": "",
                                    "bottom": "",
                                    "left": "",
                                    "isLinked": true
                                },
                                "_padding_mobile": {
                                    "unit": "em",
                                    "top": "1",
                                    "right": "1",
                                    "bottom": "1",
                                    "left": "1",
                                    "isLinked": true
                                },
                                "_background_background": "classic",
                                "_border_radius": {
                                    "unit": "px",
                                    "top": "15",
                                    "right": "15",
                                    "bottom": "15",
                                    "left": "15",
                                    "isLinked": true
                                },
                                "__globals__": {
                                    "_background_color": "globals\/colors?id=6cbad39"
                                }
                            },
                            "elements": [],
                            "isInner": false,
                            "widgetType": "rform",
                            "elType": "widget"
                        }
                    ],
                    "isInner": true,
                    "elType": "container"
                }
            ],
            "isInner": false,
            "elType": "container"
        },
        {
            "id": "5931cc5c",
            "settings": {
                "content_width": "full"
            },
            "elements": [
                {
                    "id": "7ce4b624",
                    "settings": {
                        "address": "London Eye, London, United Kingdom",
                        "zoom": {
                            "unit": "px",
                            "size": 15,
                            "sizes": []
                        },
                        "height": {
                            "unit": "px",
                            "size": 450,
                            "sizes": []
                        },
                        "css_filters_css_filter": "custom",
                        "css_filters_brightness": {
                            "unit": "px",
                            "size": 74,
                            "sizes": []
                        },
                        "css_filters_saturate": {
                            "unit": "px",
                            "size": 0,
                            "sizes": []
                        },
                        "css_filters_hover_css_filter": "custom",
                        "hover_transition": {
                            "unit": "px",
                            "size": 0.3,
                            "sizes": []
                        }
                    },
                    "elements": [],
                    "isInner": false,
                    "widgetType": "google_maps",
                    "elType": "widget"
                }
            ],
            "isInner": false,
            "elType": "container"
        }
    ]
}