{
    "version": "0.4",
    "title": "Error 404",
    "type": "page",
    "metadata": {
        "template_type": "single-page",
        "include_in_zip": "1",
        "elementor_pro_required": null,
        "wp_page_template": "elementor_header_footer"
    },
    "content": [
        {
            "id": "56e70272",
            "settings": {
                "flex_direction": "column",
                "min_height": {
                    "unit": "vh",
                    "size": 100,
                    "sizes": []
                },
                "min_height_tablet": {
                    "unit": "vh",
                    "size": "",
                    "sizes": []
                },
                "min_height_mobile": {
                    "unit": "vh",
                    "size": "",
                    "sizes": []
                },
                "flex_justify_content": "center",
                "background_background": "gradient",
                "background_overlay_background": "classic",
                "background_overlay_image": {
                    "url": "https:\/\/kits.krakenbox.net\/taoblaz\/wp-content\/uploads\/sites\/39\/2025\/09\/having-phone-call-2025-01-31-00-43-41-utc.jpg",
                    "id": 337,
                    "size": "",
                    "alt": "",
                    "source": "library"
                },
                "background_overlay_position": "center center",
                "background_overlay_size": "cover",
                "background_overlay_opacity": {
                    "unit": "px",
                    "size": 0.25,
                    "sizes": []
                },
                "css_filters_css_filter": "custom",
                "css_filters_saturate": {
                    "unit": "px",
                    "size": 0,
                    "sizes": []
                },
                "__globals__": {
                    "background_color": "globals\/colors?id=primary",
                    "background_color_b": "globals\/colors?id=accent"
                }
            },
            "elements": [
                {
                    "id": "42f5fda6",
                    "settings": {
                        "content_width": "full",
                        "width": {
                            "unit": "%",
                            "size": 45,
                            "sizes": []
                        },
                        "width_tablet": {
                            "unit": "%",
                            "size": 80,
                            "sizes": []
                        },
                        "width_mobile": {
                            "unit": "%",
                            "size": "",
                            "sizes": []
                        },
                        "background_background": "classic",
                        "border_radius": {
                            "unit": "px",
                            "top": "15",
                            "right": "15",
                            "bottom": "15",
                            "left": "15",
                            "isLinked": true
                        },
                        "padding": {
                            "unit": "em",
                            "top": "2",
                            "right": "2",
                            "bottom": "2",
                            "left": "2",
                            "isLinked": true
                        },
                        "padding_tablet": {
                            "unit": "em",
                            "top": "",
                            "right": "",
                            "bottom": "",
                            "left": "",
                            "isLinked": true
                        },
                        "padding_mobile": {
                            "unit": "em",
                            "top": "3",
                            "right": "1",
                            "bottom": "3",
                            "left": "1",
                            "isLinked": false
                        },
                        "_flex_align_self": "center",
                        "__globals__": {
                            "background_color": "globals\/colors?id=primary"
                        }
                    },
                    "elements": [
                        {
                            "id": "7668060f",
                            "settings": {
                                "title": "404",
                                "header_size": "h1",
                                "align": "center",
                                "__globals__": {
                                    "typography_typography": "globals\/typography?id=55bb2b3"
                                }
                            },
                            "elements": [],
                            "isInner": false,
                            "widgetType": "heading",
                            "elType": "widget"
                        },
                        {
                            "id": "1ad8943d",
                            "settings": {
                                "title": "You\u2019ve Reached Uncharted Territory",
                                "header_size": "h4",
                                "align": "center",
                                "__globals__": {
                                    "title_color": "globals\/colors?id=secondary"
                                }
                            },
                            "elements": [],
                            "isInner": false,
                            "widgetType": "heading",
                            "elType": "widget"
                        },
                        {
                            "id": "bb81d72",
                            "settings": {
                                "align": "center",
                                "__globals__": {
                                    "text_color": "globals\/colors?id=secondary"
                                }
                            },
                            "elements": [],
                            "isInner": false,
                            "widgetType": "text-editor",
                            "elType": "widget"
                        },
                        {
                            "id": "724fb23",
                            "settings": {
                                "text": "Back to homepage",
                                "link": {
                                    "url": "https:\/\/kits.krakenbox.net\/taoblaz\/template-kit\/homepage\/",
                                    "is_external": "",
                                    "nofollow": "",
                                    "custom_attributes": ""
                                },
                                "align": "center",
                                "hover_animation": "grow",
                                "__globals__": {
                                    "button_text_color": "globals\/colors?id=primary",
                                    "background_color": "globals\/colors?id=723b1d2"
                                }
                            },
                            "elements": [],
                            "isInner": false,
                            "widgetType": "button",
                            "elType": "widget"
                        }
                    ],
                    "isInner": true,
                    "elType": "container"
                }
            ],
            "isInner": false,
            "elType": "container"
        }
    ]
}