{
    "version": "0.4",
    "title": "FAQs",
    "type": "page",
    "metadata": {
        "template_type": "single-page",
        "include_in_zip": "1",
        "elementor_pro_required": null,
        "wp_page_template": "elementor_header_footer"
    },
    "content": [
        {
            "id": "7f16404a",
            "settings": {
                "flex_direction": "column",
                "min_height": {
                    "unit": "vh",
                    "size": 50,
                    "sizes": []
                },
                "min_height_tablet": {
                    "unit": "vh",
                    "size": "",
                    "sizes": []
                },
                "min_height_mobile": {
                    "unit": "vh",
                    "size": "",
                    "sizes": []
                },
                "flex_justify_content": "center",
                "background_background": "gradient",
                "background_overlay_background": "classic",
                "background_overlay_image": {
                    "url": "https:\/\/kits.krakenbox.net\/taoblaz\/wp-content\/uploads\/sites\/39\/2025\/09\/having-phone-call-2025-01-31-00-43-41-utc.jpg",
                    "id": 337,
                    "size": "",
                    "alt": "",
                    "source": "library"
                },
                "background_overlay_position": "center center",
                "background_overlay_size": "cover",
                "background_overlay_opacity": {
                    "unit": "px",
                    "size": 0.25,
                    "sizes": []
                },
                "css_filters_css_filter": "custom",
                "css_filters_saturate": {
                    "unit": "px",
                    "size": 0,
                    "sizes": []
                },
                "border_radius": {
                    "unit": "px",
                    "top": "0",
                    "right": "0",
                    "bottom": "50",
                    "left": "50",
                    "isLinked": false
                },
                "__globals__": {
                    "background_color": "globals\/colors?id=primary",
                    "background_color_b": "globals\/colors?id=accent"
                },
                "_title": "Header Heading"
            },
            "elements": [
                {
                    "id": "2f568d57",
                    "settings": {
                        "content_width": "full",
                        "width": {
                            "unit": "%",
                            "size": 50,
                            "sizes": []
                        },
                        "flex_gap": {
                            "column": "10",
                            "row": "10",
                            "isLinked": true,
                            "unit": "px",
                            "size": 10
                        },
                        "_flex_align_self": "center",
                        "_title": "Header Heading"
                    },
                    "elements": [
                        {
                            "id": "503e4936",
                            "settings": {
                                "title": "FAQs",
                                "header_size": "h1",
                                "align": "center"
                            },
                            "elements": [],
                            "isInner": false,
                            "widgetType": "heading",
                            "elType": "widget"
                        },
                        {
                            "id": "2b735258",
                            "settings": {
                                "editor": "<p><a href=\"#\">Homepage<\/a> \/ FAQs<\/p>",
                                "align": "center",
                                "link_hover_color_transition_duration": {
                                    "unit": "s",
                                    "size": 0.2,
                                    "sizes": []
                                },
                                "__globals__": {
                                    "typography_typography": "globals\/typography?id=accent",
                                    "text_color": "globals\/colors?id=secondary",
                                    "link_color": "globals\/colors?id=723b1d2",
                                    "link_hover_color": "globals\/colors?id=secondary"
                                }
                            },
                            "elements": [],
                            "isInner": false,
                            "widgetType": "text-editor",
                            "elType": "widget"
                        }
                    ],
                    "isInner": true,
                    "elType": "container"
                }
            ],
            "isInner": false,
            "elType": "container"
        },
        {
            "id": "2e11484f",
            "settings": {
                "flex_direction": "column",
                "flex_gap": {
                    "column": "50",
                    "row": "50",
                    "isLinked": true,
                    "unit": "px",
                    "size": 50
                },
                "padding": {
                    "unit": "em",
                    "top": "6",
                    "right": "0",
                    "bottom": "6",
                    "left": "0",
                    "isLinked": false
                },
                "padding_tablet": {
                    "unit": "em",
                    "top": "",
                    "right": "",
                    "bottom": "",
                    "left": "",
                    "isLinked": true
                },
                "padding_mobile": {
                    "unit": "em",
                    "top": "",
                    "right": "",
                    "bottom": "",
                    "left": "",
                    "isLinked": true
                },
                "_title": "FAQs"
            },
            "elements": [
                {
                    "id": "627327dc",
                    "settings": {
                        "content_width": "full",
                        "width": {
                            "unit": "%",
                            "size": 60,
                            "sizes": []
                        },
                        "_flex_align_self": "center",
                        "_title": "Heading",
                        "width_tablet": {
                            "unit": "%",
                            "size": 90,
                            "sizes": []
                        },
                        "width_mobile": {
                            "unit": "%",
                            "size": "",
                            "sizes": []
                        }
                    },
                    "elements": [
                        {
                            "id": "56136d09",
                            "settings": {
                                "title": "Frequently Asked Questions",
                                "header_size": "h6",
                                "align": "center"
                            },
                            "elements": [],
                            "isInner": false,
                            "widgetType": "heading",
                            "elType": "widget"
                        },
                        {
                            "id": "16db2786",
                            "settings": {
                                "title": "Everything You Need to Know About Our Business Coaching",
                                "align": "center"
                            },
                            "elements": [],
                            "isInner": false,
                            "widgetType": "heading",
                            "elType": "widget"
                        }
                    ],
                    "isInner": true,
                    "elType": "container"
                },
                {
                    "id": "16139e56",
                    "settings": {
                        "content_width": "full",
                        "flex_direction": "row",
                        "flex_direction_tablet": "column",
                        "flex_gap": {
                            "column": "50",
                            "row": "50",
                            "isLinked": true,
                            "unit": "px",
                            "size": 50
                        },
                        "_title": "FAQs"
                    },
                    "elements": [
                        {
                            "id": "48948a56",
                            "settings": {
                                "content_width": "full",
                                "_title": "Left"
                            },
                            "elements": [
                                {
                                    "id": "2995e4dd",
                                    "settings": {
                                        "items": [
                                            {
                                                "item_title": "What makes your business coaching different?",
                                                "_id": "601a3e7"
                                            },
                                            {
                                                "item_title": "Do I need to have a business already to work with a coach?",
                                                "_id": "d147f03"
                                            },
                                            {
                                                "item_title": "How are the coaching sessions conducted?",
                                                "_id": "57ed73c"
                                            },
                                            {
                                                "item_title": "What results can I expect from coaching?",
                                                "_id": "ff83962"
                                            }
                                        ],
                                        "accordion_item_title_position_horizontal": "stretch",
                                        "accordion_item_title_icon_position": "end",
                                        "faq_schema": "yes",
                                        "accordion_item_title_space_between": {
                                            "unit": "px",
                                            "size": 15,
                                            "sizes": []
                                        },
                                        "accordion_item_title_distance_from_content": {
                                            "unit": "px",
                                            "size": 15,
                                            "sizes": []
                                        },
                                        "accordion_background_normal_background": "classic",
                                        "accordion_border_normal_border": "none",
                                        "accordion_background_hover_background": "classic",
                                        "accordion_background_active_background": "classic",
                                        "accordion_border_radius": {
                                            "unit": "px",
                                            "top": "10",
                                            "right": "10",
                                            "bottom": "10",
                                            "left": "10",
                                            "isLinked": true
                                        },
                                        "accordion_padding": {
                                            "unit": "px",
                                            "top": "16",
                                            "right": "30",
                                            "bottom": "16",
                                            "left": "30",
                                            "isLinked": false
                                        },
                                        "content_background_background": "classic",
                                        "content_border_border": "none",
                                        "content_border_radius": {
                                            "unit": "px",
                                            "top": "10",
                                            "right": "10",
                                            "bottom": "10",
                                            "left": "10",
                                            "isLinked": true
                                        },
                                        "content_padding": {
                                            "unit": "px",
                                            "top": "25",
                                            "right": "25",
                                            "bottom": "25",
                                            "left": "25",
                                            "isLinked": true
                                        },
                                        "__globals__": {
                                            "accordion_background_normal_color": "globals\/colors?id=a486646",
                                            "accordion_background_hover_color": "globals\/colors?id=6cbad39",
                                            "accordion_background_active_color": "globals\/colors?id=6cbad39",
                                            "title_typography_typography": "globals\/typography?id=accent",
                                            "normal_title_color": "globals\/colors?id=primary",
                                            "hover_title_color": "globals\/colors?id=secondary",
                                            "active_title_color": "globals\/colors?id=secondary",
                                            "content_background_color": "globals\/colors?id=6cbad39"
                                        }
                                    },
                                    "elements": [
                                        {
                                            "id": "7b8e1ff3",
                                            "settings": {
                                                "_title": "item #1",
                                                "content_width": "full"
                                            },
                                            "elements": [
                                                {
                                                    "id": "2a19a52a",
                                                    "settings": {
                                                        "editor": "<p>Our coaching is tailored to your unique goals and challenges. We don\u2019t use a one-size-fits-all approach\u2014we create personalized strategies that fit your business and provide ongoing accountability to ensure results.<\/p>",
                                                        "paragraph_spacing": {
                                                            "unit": "px",
                                                            "size": 0,
                                                            "sizes": []
                                                        },
                                                        "__globals__": {
                                                            "text_color": "globals\/colors?id=secondary"
                                                        }
                                                    },
                                                    "elements": [],
                                                    "isInner": false,
                                                    "widgetType": "text-editor",
                                                    "elType": "widget"
                                                }
                                            ],
                                            "isInner": true,
                                            "elType": "container",
                                            "isLocked": true
                                        },
                                        {
                                            "id": "ff621ff",
                                            "settings": {
                                                "_title": "item #2",
                                                "content_width": "full"
                                            },
                                            "elements": [
                                                {
                                                    "id": "431e7e92",
                                                    "settings": {
                                                        "editor": "<p>Not necessarily. Coaching is beneficial whether you\u2019re just starting out, planning your first steps, or already managing a growing business. We help you gain clarity, build confidence, and create a solid foundation for success.<\/p>",
                                                        "paragraph_spacing": {
                                                            "unit": "px",
                                                            "size": 0,
                                                            "sizes": []
                                                        },
                                                        "__globals__": {
                                                            "text_color": "globals\/colors?id=secondary"
                                                        }
                                                    },
                                                    "elements": [],
                                                    "isInner": false,
                                                    "widgetType": "text-editor",
                                                    "elType": "widget"
                                                }
                                            ],
                                            "isInner": true,
                                            "elType": "container",
                                            "isLocked": true
                                        },
                                        {
                                            "id": "46734837",
                                            "settings": {
                                                "_title": "item #3",
                                                "content_width": "full"
                                            },
                                            "elements": [
                                                {
                                                    "id": "4ef5a1c6",
                                                    "settings": {
                                                        "editor": "<p>All sessions can be done online through video calls, making it easy and flexible for busy entrepreneurs. In-person sessions may also be arranged depending on your location and availability.<\/p>",
                                                        "paragraph_spacing": {
                                                            "unit": "px",
                                                            "size": 0,
                                                            "sizes": []
                                                        },
                                                        "__globals__": {
                                                            "text_color": "globals\/colors?id=secondary"
                                                        }
                                                    },
                                                    "elements": [],
                                                    "isInner": false,
                                                    "widgetType": "text-editor",
                                                    "elType": "widget"
                                                }
                                            ],
                                            "isInner": true,
                                            "elType": "container",
                                            "isLocked": true
                                        },
                                        {
                                            "id": "2a388d3b",
                                            "settings": {
                                                "_title": "item #3",
                                                "content_width": "full"
                                            },
                                            "elements": [
                                                {
                                                    "id": "1f62cb21",
                                                    "settings": {
                                                        "editor": "<p>Results vary depending on your commitment and goals, but many clients experience improved leadership, better time management, increased revenue, and stronger decision-making skills within just a few months.<\/p>",
                                                        "paragraph_spacing": {
                                                            "unit": "px",
                                                            "size": 0,
                                                            "sizes": []
                                                        },
                                                        "__globals__": {
                                                            "text_color": "globals\/colors?id=secondary"
                                                        }
                                                    },
                                                    "elements": [],
                                                    "isInner": false,
                                                    "widgetType": "text-editor",
                                                    "elType": "widget"
                                                }
                                            ],
                                            "isInner": true,
                                            "elType": "container",
                                            "isLocked": true
                                        }
                                    ],
                                    "isInner": false,
                                    "widgetType": "nested-accordion",
                                    "elType": "widget"
                                }
                            ],
                            "isInner": true,
                            "elType": "container"
                        },
                        {
                            "id": "3b182d6f",
                            "settings": {
                                "content_width": "full",
                                "_title": "Right"
                            },
                            "elements": [
                                {
                                    "id": "64babe03",
                                    "settings": {
                                        "items": [
                                            {
                                                "item_title": "What makes your business coaching different?",
                                                "_id": "601a3e7"
                                            },
                                            {
                                                "item_title": "Do I need to have a business already to work with a coach?",
                                                "_id": "d147f03"
                                            },
                                            {
                                                "item_title": "How are the coaching sessions conducted?",
                                                "_id": "57ed73c"
                                            },
                                            {
                                                "item_title": "What results can I expect from coaching?",
                                                "_id": "ff83962"
                                            }
                                        ],
                                        "accordion_item_title_position_horizontal": "stretch",
                                        "accordion_item_title_icon_position": "end",
                                        "faq_schema": "yes",
                                        "accordion_item_title_space_between": {
                                            "unit": "px",
                                            "size": 15,
                                            "sizes": []
                                        },
                                        "accordion_item_title_distance_from_content": {
                                            "unit": "px",
                                            "size": 15,
                                            "sizes": []
                                        },
                                        "accordion_background_normal_background": "classic",
                                        "accordion_border_normal_border": "none",
                                        "accordion_background_hover_background": "classic",
                                        "accordion_background_active_background": "classic",
                                        "accordion_border_radius": {
                                            "unit": "px",
                                            "top": "10",
                                            "right": "10",
                                            "bottom": "10",
                                            "left": "10",
                                            "isLinked": true
                                        },
                                        "accordion_padding": {
                                            "unit": "px",
                                            "top": "16",
                                            "right": "30",
                                            "bottom": "16",
                                            "left": "30",
                                            "isLinked": false
                                        },
                                        "content_background_background": "classic",
                                        "content_border_border": "none",
                                        "content_border_radius": {
                                            "unit": "px",
                                            "top": "10",
                                            "right": "10",
                                            "bottom": "10",
                                            "left": "10",
                                            "isLinked": true
                                        },
                                        "content_padding": {
                                            "unit": "px",
                                            "top": "25",
                                            "right": "25",
                                            "bottom": "25",
                                            "left": "25",
                                            "isLinked": true
                                        },
                                        "__globals__": {
                                            "accordion_background_normal_color": "globals\/colors?id=a486646",
                                            "accordion_background_hover_color": "globals\/colors?id=6cbad39",
                                            "accordion_background_active_color": "globals\/colors?id=6cbad39",
                                            "title_typography_typography": "globals\/typography?id=accent",
                                            "normal_title_color": "globals\/colors?id=primary",
                                            "hover_title_color": "globals\/colors?id=secondary",
                                            "active_title_color": "globals\/colors?id=secondary",
                                            "content_background_color": "globals\/colors?id=6cbad39"
                                        }
                                    },
                                    "elements": [
                                        {
                                            "id": "90281f",
                                            "settings": {
                                                "_title": "item #1",
                                                "content_width": "full"
                                            },
                                            "elements": [
                                                {
                                                    "id": "aa32403",
                                                    "settings": {
                                                        "editor": "<p>Our coaching is tailored to your unique goals and challenges. We don\u2019t use a one-size-fits-all approach\u2014we create personalized strategies that fit your business and provide ongoing accountability to ensure results.<\/p>",
                                                        "paragraph_spacing": {
                                                            "unit": "px",
                                                            "size": 0,
                                                            "sizes": []
                                                        },
                                                        "__globals__": {
                                                            "text_color": "globals\/colors?id=secondary"
                                                        }
                                                    },
                                                    "elements": [],
                                                    "isInner": false,
                                                    "widgetType": "text-editor",
                                                    "elType": "widget"
                                                }
                                            ],
                                            "isInner": true,
                                            "elType": "container",
                                            "isLocked": true
                                        },
                                        {
                                            "id": "53e8e918",
                                            "settings": {
                                                "_title": "item #2",
                                                "content_width": "full"
                                            },
                                            "elements": [
                                                {
                                                    "id": "43a3a5e2",
                                                    "settings": {
                                                        "editor": "<p>Not necessarily. Coaching is beneficial whether you\u2019re just starting out, planning your first steps, or already managing a growing business. We help you gain clarity, build confidence, and create a solid foundation for success.<\/p>",
                                                        "paragraph_spacing": {
                                                            "unit": "px",
                                                            "size": 0,
                                                            "sizes": []
                                                        },
                                                        "__globals__": {
                                                            "text_color": "globals\/colors?id=secondary"
                                                        }
                                                    },
                                                    "elements": [],
                                                    "isInner": false,
                                                    "widgetType": "text-editor",
                                                    "elType": "widget"
                                                }
                                            ],
                                            "isInner": true,
                                            "elType": "container",
                                            "isLocked": true
                                        },
                                        {
                                            "id": "2c0975ee",
                                            "settings": {
                                                "_title": "item #3",
                                                "content_width": "full"
                                            },
                                            "elements": [
                                                {
                                                    "id": "1c75f2d",
                                                    "settings": {
                                                        "editor": "<p>All sessions can be done online through video calls, making it easy and flexible for busy entrepreneurs. In-person sessions may also be arranged depending on your location and availability.<\/p>",
                                                        "paragraph_spacing": {
                                                            "unit": "px",
                                                            "size": 0,
                                                            "sizes": []
                                                        },
                                                        "__globals__": {
                                                            "text_color": "globals\/colors?id=secondary"
                                                        }
                                                    },
                                                    "elements": [],
                                                    "isInner": false,
                                                    "widgetType": "text-editor",
                                                    "elType": "widget"
                                                }
                                            ],
                                            "isInner": true,
                                            "elType": "container",
                                            "isLocked": true
                                        },
                                        {
                                            "id": "4e11592f",
                                            "settings": {
                                                "_title": "item #3",
                                                "content_width": "full"
                                            },
                                            "elements": [
                                                {
                                                    "id": "5b017946",
                                                    "settings": {
                                                        "editor": "<p>Results vary depending on your commitment and goals, but many clients experience improved leadership, better time management, increased revenue, and stronger decision-making skills within just a few months.<\/p>",
                                                        "paragraph_spacing": {
                                                            "unit": "px",
                                                            "size": 0,
                                                            "sizes": []
                                                        },
                                                        "__globals__": {
                                                            "text_color": "globals\/colors?id=secondary"
                                                        }
                                                    },
                                                    "elements": [],
                                                    "isInner": false,
                                                    "widgetType": "text-editor",
                                                    "elType": "widget"
                                                }
                                            ],
                                            "isInner": true,
                                            "elType": "container",
                                            "isLocked": true
                                        }
                                    ],
                                    "isInner": false,
                                    "widgetType": "nested-accordion",
                                    "elType": "widget"
                                }
                            ],
                            "isInner": true,
                            "elType": "container"
                        }
                    ],
                    "isInner": true,
                    "elType": "container"
                }
            ],
            "isInner": false,
            "elType": "container"
        },
        {
            "id": "523fe199",
            "settings": {
                "flex_direction": "column",
                "content_width": "full",
                "padding": {
                    "unit": "em",
                    "top": "1",
                    "right": "1",
                    "bottom": "1",
                    "left": "1",
                    "isLinked": true
                },
                "padding_tablet": {
                    "unit": "em",
                    "top": "",
                    "right": "",
                    "bottom": "",
                    "left": "",
                    "isLinked": true
                },
                "padding_mobile": {
                    "unit": "em",
                    "top": "",
                    "right": "",
                    "bottom": "",
                    "left": "",
                    "isLinked": true
                },
                "_title": "Testimonial"
            },
            "elements": [
                {
                    "id": "4482565e",
                    "settings": {
                        "flex_direction": "row",
                        "flex_gap": {
                            "column": "50",
                            "row": "50",
                            "isLinked": true,
                            "unit": "px",
                            "size": 50
                        },
                        "background_background": "gradient",
                        "background_overlay_background": "classic",
                        "background_overlay_image": {
                            "url": "https:\/\/kits.krakenbox.net\/taoblaz\/wp-content\/uploads\/sites\/39\/2025\/09\/HomeheroBG.png",
                            "id": 17,
                            "size": "",
                            "alt": "",
                            "source": "library"
                        },
                        "background_overlay_position": "center center",
                        "background_overlay_size": "cover",
                        "background_overlay_opacity": {
                            "unit": "px",
                            "size": 0.07,
                            "sizes": []
                        },
                        "border_radius": {
                            "unit": "px",
                            "top": "15",
                            "right": "15",
                            "bottom": "15",
                            "left": "15",
                            "isLinked": true
                        },
                        "margin": {
                            "unit": "%",
                            "top": "",
                            "right": "",
                            "bottom": "",
                            "left": "",
                            "isLinked": true
                        },
                        "margin_tablet": {
                            "unit": "%",
                            "top": "",
                            "right": "",
                            "bottom": "",
                            "left": "",
                            "isLinked": true
                        },
                        "margin_mobile": {
                            "unit": "%",
                            "top": "",
                            "right": "",
                            "bottom": "",
                            "left": "",
                            "isLinked": true
                        },
                        "padding": {
                            "unit": "em",
                            "top": "6",
                            "right": "2",
                            "bottom": "6",
                            "left": "2",
                            "isLinked": false
                        },
                        "padding_tablet": {
                            "unit": "em",
                            "top": "6",
                            "right": "1",
                            "bottom": "6",
                            "left": "1",
                            "isLinked": false
                        },
                        "padding_mobile": {
                            "unit": "em",
                            "top": "",
                            "right": "",
                            "bottom": "",
                            "left": "",
                            "isLinked": true
                        },
                        "__globals__": {
                            "background_color": "globals\/colors?id=primary",
                            "background_color_b": "globals\/colors?id=accent"
                        },
                        "_title": "Edit here",
                        "flex_direction_tablet": "column"
                    },
                    "elements": [
                        {
                            "id": "383fc9a7",
                            "settings": {
                                "content_width": "full",
                                "width": {
                                    "unit": "%",
                                    "size": 70,
                                    "sizes": []
                                },
                                "_title": "Left",
                                "flex_justify_content": "center",
                                "width_tablet": {
                                    "unit": "%",
                                    "size": 100,
                                    "sizes": []
                                },
                                "width_mobile": {
                                    "unit": "%",
                                    "size": "",
                                    "sizes": []
                                }
                            },
                            "elements": [
                                {
                                    "id": "55d16f8a",
                                    "settings": {
                                        "icon_list": [
                                            {
                                                "text": "what they say ?",
                                                "selected_icon": {
                                                    "value": "rtmicon rtmicon-chart-line-up",
                                                    "library": "rtmicons"
                                                },
                                                "_id": "3138905"
                                            }
                                        ],
                                        "icon_align": "left",
                                        "icon_size": {
                                            "unit": "px",
                                            "size": 31,
                                            "sizes": []
                                        },
                                        "__globals__": {
                                            "icon_typography_typography": "globals\/typography?id=2a1ed9d",
                                            "text_color": "globals\/colors?id=secondary",
                                            "text_color_hover": "globals\/colors?id=secondary",
                                            "icon_color": "globals\/colors?id=accent"
                                        },
                                        "icon_align_tablet": "center"
                                    },
                                    "elements": [],
                                    "isInner": false,
                                    "widgetType": "icon-list",
                                    "elType": "widget"
                                },
                                {
                                    "id": "281afed6",
                                    "settings": {
                                        "title": "Hear from Business Leaders We\u2019ve Helped",
                                        "__globals__": {
                                            "title_color": "globals\/colors?id=secondary"
                                        },
                                        "align_tablet": "center"
                                    },
                                    "elements": [],
                                    "isInner": false,
                                    "widgetType": "heading",
                                    "elType": "widget"
                                },
                                {
                                    "id": "39469d2c",
                                    "settings": {
                                        "__globals__": {
                                            "text_color": "globals\/colors?id=secondary"
                                        },
                                        "align_tablet": "center"
                                    },
                                    "elements": [],
                                    "isInner": false,
                                    "widgetType": "text-editor",
                                    "elType": "widget"
                                }
                            ],
                            "isInner": true,
                            "elType": "container"
                        },
                        {
                            "id": "5fb3e0c5",
                            "settings": {
                                "content_width": "full",
                                "_title": "Right"
                            },
                            "elements": [
                                {
                                    "id": "386812f0",
                                    "settings": {
                                        "layout_style": "style_4",
                                        "quote_icon": {
                                            "value": "rtmicon-thin rtmicon-quote",
                                            "library": "rtmicons-thin"
                                        },
                                        "testi_list": [
                                            {
                                                "author_name": "Michael R.",
                                                "author_occupation": "Entrepreneur",
                                                "testimonial_review": "\"Working with this business coach completely changed the way I run my company. I gained clarity, improved my decision-making, and finally felt confident about scaling my business.\"",
                                                "_id": "b269b84",
                                                "client_avatar": {
                                                    "url": "https:\/\/kits.krakenbox.net\/taoblaz\/wp-content\/uploads\/sites\/39\/2025\/09\/Team5.jpg",
                                                    "id": 36,
                                                    "size": "",
                                                    "alt": "",
                                                    "source": "library"
                                                }
                                            },
                                            {
                                                "author_name": "Sarah T.",
                                                "author_occupation": "Small Business Owner",
                                                "testimonial_review": "\"The coaching sessions gave me the tools and mindset I needed to lead my team more effectively. My productivity and confidence have never been this strong.\"",
                                                "_id": "8bc24f7",
                                                "client_avatar": {
                                                    "url": "https:\/\/kits.krakenbox.net\/taoblaz\/wp-content\/uploads\/sites\/39\/2025\/09\/Team2.jpg",
                                                    "id": 35,
                                                    "size": "",
                                                    "alt": "",
                                                    "source": "library"
                                                }
                                            },
                                            {
                                                "author_name": "David L.",
                                                "author_occupation": "Startup Founder",
                                                "testimonial_review": "\"I always had big ideas but struggled with execution. With the guidance I received here, I was able to build a clear plan and turn my vision into reality.\"",
                                                "_id": "1e79c24",
                                                "client_avatar": {
                                                    "url": "https:\/\/kits.krakenbox.net\/taoblaz\/wp-content\/uploads\/sites\/39\/2025\/09\/Team1.jpg",
                                                    "id": 25,
                                                    "size": "",
                                                    "alt": "",
                                                    "source": "library"
                                                }
                                            },
                                            {
                                                "author_name": "Jennifer M",
                                                "author_occupation": "Marketing Consultant",
                                                "testimonial_review": "\"This business coach doesn\u2019t just give advice \u2014 they provide strategies tailored to my business. Every session brought new insights I could apply immediately.\"",
                                                "_id": "c4f140a",
                                                "client_avatar": {
                                                    "url": "https:\/\/kits.krakenbox.net\/taoblaz\/wp-content\/uploads\/sites\/39\/2025\/09\/Team4.jpg",
                                                    "id": 139,
                                                    "size": "",
                                                    "alt": "",
                                                    "source": "library"
                                                }
                                            }
                                        ],
                                        "show_rating": "",
                                        "slide_to_show": 1,
                                        "show_dots": "",
                                        "card_padding": {
                                            "unit": "px",
                                            "top": "40",
                                            "right": "25",
                                            "bottom": "30",
                                            "left": "25",
                                            "isLinked": false
                                        },
                                        "card_radius": {
                                            "unit": "px",
                                            "top": "15",
                                            "right": "15",
                                            "bottom": "15",
                                            "left": "15",
                                            "isLinked": true
                                        },
                                        "card_background_background": "gradient",
                                        "card_background_color": "#004B53",
                                        "card_background_color_b": "#202322",
                                        "review_typography_typography": "custom",
                                        "review_typography_font_family": "Figtree",
                                        "review_typography_font_size": {
                                            "unit": "rem",
                                            "size": 1.5,
                                            "sizes": []
                                        },
                                        "review_typography_font_size_tablet": {
                                            "unit": "rem",
                                            "size": 1.125,
                                            "sizes": []
                                        },
                                        "review_typography_font_size_mobile": {
                                            "unit": "rem",
                                            "size": 1.063,
                                            "sizes": []
                                        },
                                        "review_typography_font_weight": "400",
                                        "review_color": "#FFFFFF",
                                        "author_align": "center",
                                        "author_typography_typography": "custom",
                                        "author_typography_font_family": "Figtree",
                                        "author_typography_font_size": {
                                            "unit": "rem",
                                            "size": 1.375,
                                            "sizes": []
                                        },
                                        "author_typography_font_size_tablet": {
                                            "unit": "rem",
                                            "size": 1.25,
                                            "sizes": []
                                        },
                                        "author_typography_font_size_mobile": {
                                            "unit": "rem",
                                            "size": 1,
                                            "sizes": []
                                        },
                                        "author_typography_font_weight": "700",
                                        "author_typography_text_transform": "capitalize",
                                        "author_typography_line_height": {
                                            "unit": "em",
                                            "size": 1.2,
                                            "sizes": []
                                        },
                                        "author_occupation_typography_font_family": "Figtree",
                                        "author_occupation_typography_font_size": {
                                            "unit": "rem",
                                            "size": 1.1,
                                            "sizes": []
                                        },
                                        "author_occupation_typography_font_size_tablet": {
                                            "unit": "rem",
                                            "size": 1,
                                            "sizes": []
                                        },
                                        "author_occupation_typography_font_size_mobile": {
                                            "unit": "rem",
                                            "size": 0.9,
                                            "sizes": []
                                        },
                                        "author_occupation_typography_font_weight": "400",
                                        "quote_color": "#D4FF78",
                                        "__globals__": {
                                            "card_background_color": "globals\/colors?id=6cbad39",
                                            "card_background_color_b": "globals\/colors?id=primary",
                                            "review_typography_typography": "globals\/typography?id=e3df150",
                                            "review_color": "globals\/colors?id=secondary",
                                            "quote_color": "globals\/colors?id=723b1d2",
                                            "author_typography_typography": "globals\/typography?id=aca0dbf",
                                            "author_occupation_typography_typography": "",
                                            "author_name_color": "globals\/colors?id=accent",
                                            "author_occupation_color": "globals\/colors?id=secondary"
                                        },
                                        "avatar_margin": {
                                            "unit": "%",
                                            "top": "3",
                                            "right": "0",
                                            "bottom": "2",
                                            "left": "0",
                                            "isLinked": false
                                        },
                                        "avatar_margin_tablet": {
                                            "unit": "%",
                                            "top": "",
                                            "right": "",
                                            "bottom": "",
                                            "left": "",
                                            "isLinked": true
                                        },
                                        "avatar_margin_mobile": {
                                            "unit": "%",
                                            "top": "",
                                            "right": "",
                                            "bottom": "",
                                            "left": "",
                                            "isLinked": true
                                        },
                                        "slide_to_show_tablet": 1,
                                        "background_widget_all_color_stop_tablet": {
                                            "unit": "%",
                                            "size": "",
                                            "sizes": []
                                        },
                                        "background_widget_all_color_stop_mobile": {
                                            "unit": "%",
                                            "size": "",
                                            "sizes": []
                                        },
                                        "background_widget_all_color_b_stop_tablet": {
                                            "unit": "%",
                                            "size": "",
                                            "sizes": []
                                        },
                                        "background_widget_all_color_b_stop_mobile": {
                                            "unit": "%",
                                            "size": "",
                                            "sizes": []
                                        },
                                        "background_widget_all_gradient_angle_tablet": {
                                            "unit": "deg",
                                            "size": "",
                                            "sizes": []
                                        },
                                        "background_widget_all_gradient_angle_mobile": {
                                            "unit": "deg",
                                            "size": "",
                                            "sizes": []
                                        },
                                        "_background_color_stop_tablet": {
                                            "unit": "%",
                                            "size": "",
                                            "sizes": []
                                        },
                                        "_background_color_stop_mobile": {
                                            "unit": "%",
                                            "size": "",
                                            "sizes": []
                                        },
                                        "_background_color_b_stop_tablet": {
                                            "unit": "%",
                                            "size": "",
                                            "sizes": []
                                        },
                                        "_background_color_b_stop_mobile": {
                                            "unit": "%",
                                            "size": "",
                                            "sizes": []
                                        },
                                        "_background_gradient_angle_tablet": {
                                            "unit": "deg",
                                            "size": "",
                                            "sizes": []
                                        },
                                        "_background_gradient_angle_mobile": {
                                            "unit": "deg",
                                            "size": "",
                                            "sizes": []
                                        },
                                        "_background_hover_color_stop_tablet": {
                                            "unit": "%",
                                            "size": "",
                                            "sizes": []
                                        },
                                        "_background_hover_color_stop_mobile": {
                                            "unit": "%",
                                            "size": "",
                                            "sizes": []
                                        },
                                        "_background_hover_color_b_stop_tablet": {
                                            "unit": "%",
                                            "size": "",
                                            "sizes": []
                                        },
                                        "_background_hover_color_b_stop_mobile": {
                                            "unit": "%",
                                            "size": "",
                                            "sizes": []
                                        },
                                        "_background_hover_gradient_angle_tablet": {
                                            "unit": "deg",
                                            "size": "",
                                            "sizes": []
                                        },
                                        "_background_hover_gradient_angle_mobile": {
                                            "unit": "deg",
                                            "size": "",
                                            "sizes": []
                                        }
                                    },
                                    "elements": [],
                                    "isInner": false,
                                    "widgetType": "rkit-testimonial-carousel",
                                    "elType": "widget"
                                }
                            ],
                            "isInner": true,
                            "elType": "container"
                        }
                    ],
                    "isInner": true,
                    "elType": "container"
                }
            ],
            "isInner": false,
            "elType": "container"
        }
    ]
}