{
    "version": "0.4",
    "title": "Gallery",
    "type": "page",
    "metadata": {
        "template_type": "single-page",
        "include_in_zip": "1",
        "elementor_pro_required": null,
        "wp_page_template": "elementor_header_footer"
    },
    "content": [
        {
            "id": "25dd57f6",
            "settings": {
                "flex_direction": "column",
                "min_height": {
                    "unit": "vh",
                    "size": 50,
                    "sizes": []
                },
                "min_height_tablet": {
                    "unit": "vh",
                    "size": "",
                    "sizes": []
                },
                "min_height_mobile": {
                    "unit": "vh",
                    "size": "",
                    "sizes": []
                },
                "flex_justify_content": "center",
                "background_background": "gradient",
                "background_overlay_background": "classic",
                "background_overlay_image": {
                    "url": "https:\/\/kits.krakenbox.net\/taoblaz\/wp-content\/uploads\/sites\/39\/2025\/09\/having-phone-call-2025-01-31-00-43-41-utc.jpg",
                    "id": 337,
                    "size": "",
                    "alt": "",
                    "source": "library"
                },
                "background_overlay_position": "center center",
                "background_overlay_size": "cover",
                "background_overlay_opacity": {
                    "unit": "px",
                    "size": 0.25,
                    "sizes": []
                },
                "css_filters_css_filter": "custom",
                "css_filters_saturate": {
                    "unit": "px",
                    "size": 0,
                    "sizes": []
                },
                "border_radius": {
                    "unit": "px",
                    "top": "0",
                    "right": "0",
                    "bottom": "50",
                    "left": "50",
                    "isLinked": false
                },
                "__globals__": {
                    "background_color": "globals\/colors?id=primary",
                    "background_color_b": "globals\/colors?id=accent"
                },
                "_title": "Header Heading"
            },
            "elements": [
                {
                    "id": "65524e25",
                    "settings": {
                        "content_width": "full",
                        "width": {
                            "unit": "%",
                            "size": 50,
                            "sizes": []
                        },
                        "flex_gap": {
                            "column": "10",
                            "row": "10",
                            "isLinked": true,
                            "unit": "px",
                            "size": 10
                        },
                        "_flex_align_self": "center",
                        "_title": "Header Heading"
                    },
                    "elements": [
                        {
                            "id": "2b1f256b",
                            "settings": {
                                "title": "Gallery",
                                "header_size": "h1",
                                "align": "center"
                            },
                            "elements": [],
                            "isInner": false,
                            "widgetType": "heading",
                            "elType": "widget"
                        },
                        {
                            "id": "1b6564d4",
                            "settings": {
                                "editor": "<p><a href=\"#\">Homepage<\/a> \/ Gallery<\/p>",
                                "align": "center",
                                "link_hover_color_transition_duration": {
                                    "unit": "s",
                                    "size": 0.2,
                                    "sizes": []
                                },
                                "__globals__": {
                                    "typography_typography": "globals\/typography?id=accent",
                                    "text_color": "globals\/colors?id=secondary",
                                    "link_color": "globals\/colors?id=723b1d2",
                                    "link_hover_color": "globals\/colors?id=secondary"
                                }
                            },
                            "elements": [],
                            "isInner": false,
                            "widgetType": "text-editor",
                            "elType": "widget"
                        }
                    ],
                    "isInner": true,
                    "elType": "container"
                }
            ],
            "isInner": false,
            "elType": "container"
        },
        {
            "id": "51959770",
            "settings": {
                "flex_direction": "column",
                "flex_gap": {
                    "column": "50",
                    "row": "50",
                    "isLinked": true,
                    "unit": "px",
                    "size": 50
                },
                "padding": {
                    "unit": "em",
                    "top": "6",
                    "right": "0",
                    "bottom": "6",
                    "left": "0",
                    "isLinked": false
                },
                "padding_tablet": {
                    "unit": "em",
                    "top": "",
                    "right": "",
                    "bottom": "",
                    "left": "",
                    "isLinked": true
                },
                "padding_mobile": {
                    "unit": "em",
                    "top": "",
                    "right": "",
                    "bottom": "",
                    "left": "",
                    "isLinked": true
                },
                "_title": "Gallery"
            },
            "elements": [
                {
                    "id": "627e413c",
                    "settings": {
                        "content_width": "full",
                        "width": {
                            "unit": "%",
                            "size": 50,
                            "sizes": []
                        },
                        "_flex_align_self": "center",
                        "_title": "Heading",
                        "width_tablet": {
                            "unit": "%",
                            "size": 90,
                            "sizes": []
                        },
                        "width_mobile": {
                            "unit": "%",
                            "size": "",
                            "sizes": []
                        }
                    },
                    "elements": [
                        {
                            "id": "4ebda13d",
                            "settings": {
                                "title": "Gallery",
                                "header_size": "h6",
                                "align": "center"
                            },
                            "elements": [],
                            "isInner": false,
                            "widgetType": "heading",
                            "elType": "widget"
                        },
                        {
                            "id": "4db475cc",
                            "settings": {
                                "title": "Capturing Success, One Moment at a Time",
                                "align": "center"
                            },
                            "elements": [],
                            "isInner": false,
                            "widgetType": "heading",
                            "elType": "widget"
                        }
                    ],
                    "isInner": true,
                    "elType": "container"
                },
                {
                    "id": "2cfb811",
                    "settings": {
                        "content_width": "full",
                        "_title": "Gallery"
                    },
                    "elements": [
                        {
                            "id": "840ee88",
                            "settings": {
                                "gallery": [
                                    {
                                        "id": 245,
                                        "url": "https:\/\/kits.krakenbox.net\/taoblaz\/wp-content\/uploads\/sites\/39\/2025\/09\/friends-spending-time-together-2024-10-18-07-14-18-utc.jpg"
                                    },
                                    {
                                        "id": 222,
                                        "url": "https:\/\/kits.krakenbox.net\/taoblaz\/wp-content\/uploads\/sites\/39\/2025\/09\/group-of-young-male-and-female-business-people-in-2025-03-14-17-30-12-utc.jpg"
                                    },
                                    {
                                        "id": 243,
                                        "url": "https:\/\/kits.krakenbox.net\/taoblaz\/wp-content\/uploads\/sites\/39\/2025\/09\/barista-and-waiter-working-in-a-bar-cafeteria-shop-2025-03-18-14-07-22-utc.jpg"
                                    },
                                    {
                                        "id": 246,
                                        "url": "https:\/\/kits.krakenbox.net\/taoblaz\/wp-content\/uploads\/sites\/39\/2025\/09\/young-female-florist-arranging-flowers-in-a-vase-a-2024-12-13-18-33-42-utc.jpg"
                                    },
                                    {
                                        "id": 229,
                                        "url": "https:\/\/kits.krakenbox.net\/taoblaz\/wp-content\/uploads\/sites\/39\/2025\/09\/evaluating-the-progress-of-business-shot-of-a-gro-2025-04-06-07-52-59-utc.jpg"
                                    },
                                    {
                                        "id": 231,
                                        "url": "https:\/\/kits.krakenbox.net\/taoblaz\/wp-content\/uploads\/sites\/39\/2025\/09\/portrait-of-a-mature-middle-aged-business-woman-ho-2025-04-03-20-41-35-utc.jpg"
                                    },
                                    {
                                        "id": 238,
                                        "url": "https:\/\/kits.krakenbox.net\/taoblaz\/wp-content\/uploads\/sites\/39\/2025\/09\/in-diverse-workspace-project-manager-presents-eco-2025-01-08-23-04-50-utc.jpg"
                                    },
                                    {
                                        "id": 239,
                                        "url": "https:\/\/kits.krakenbox.net\/taoblaz\/wp-content\/uploads\/sites\/39\/2025\/09\/leadership-is-the-ability-to-translate-vision-into-2025-04-05-21-38-36-utc.jpg"
                                    },
                                    {
                                        "id": 224,
                                        "url": "https:\/\/kits.krakenbox.net\/taoblaz\/wp-content\/uploads\/sites\/39\/2025\/09\/chinese-woman-talking-during-a-relaxed-meeting-on-2025-03-08-22-46-08-utc.jpg"
                                    }
                                ],
                                "gallery_image_radius": {
                                    "unit": "px",
                                    "top": "15",
                                    "right": "15",
                                    "bottom": "15",
                                    "left": "15",
                                    "isLinked": true
                                }
                            },
                            "elements": [],
                            "isInner": false,
                            "widgetType": "rkit_image_gallery",
                            "elType": "widget"
                        }
                    ],
                    "isInner": true,
                    "elType": "container"
                }
            ],
            "isInner": false,
            "elType": "container"
        }
    ]
}