{
    "version": "0.4",
    "title": "Global Kit Styles",
    "type": "section",
    "metadata": {
        "template_type": "global-styles",
        "include_in_zip": "1",
        "elementor_pro_required": null,
        "additional_template_information": [
            "These are the global theme styles configured through the Elementor Theme Styles area."
        ],
        "wp_page_template": "default"
    },
    "content": [],
    "page_settings": {
        "colors_enable_styleguide_preview": "yes",
        "system_colors": [
            {
                "_id": "primary",
                "title": "Primary",
                "color": "#202322"
            },
            {
                "_id": "secondary",
                "title": "Secondary \/ Alt BG",
                "color": "#FFFFFF"
            },
            {
                "_id": "text",
                "title": "Text",
                "color": "#676767"
            },
            {
                "_id": "accent",
                "title": "Accent",
                "color": "#5AD1B0"
            }
        ],
        "custom_colors": [
            {
                "_id": "8badf8f",
                "title": "Transparent",
                "color": "#02010100"
            },
            {
                "_id": "723b1d2",
                "title": "Overlay 1",
                "color": "#D4FF78"
            },
            {
                "_id": "6cbad39",
                "title": "Overlay 2",
                "color": "#004B53"
            },
            {
                "_id": "a486646",
                "title": "Overlay 3",
                "color": "#F7F7F7"
            },
            {
                "_id": "80ad6fd",
                "title": "Overlay 4",
                "color": "#00343A"
            },
            {
                "_id": "000902d",
                "title": "Overlay 5",
                "color": "#161616"
            }
        ],
        "typography_enable_styleguide_preview": "yes",
        "system_typography": [
            {
                "_id": "primary",
                "title": "Primary",
                "typography_typography": "custom",
                "typography_font_family": "Figtree",
                "typography_font_weight": "600"
            },
            {
                "_id": "secondary",
                "title": "Secondary",
                "typography_typography": "custom",
                "typography_font_family": "Figtree",
                "typography_font_weight": "400"
            },
            {
                "_id": "text",
                "title": "Text",
                "typography_typography": "custom",
                "typography_font_family": "Figtree",
                "typography_font_weight": "400",
                "typography_font_size": {
                    "unit": "rem",
                    "size": 1.1,
                    "sizes": []
                },
                "typography_font_size_tablet": {
                    "unit": "rem",
                    "size": 1,
                    "sizes": []
                },
                "typography_font_size_mobile": {
                    "unit": "rem",
                    "size": 0.9,
                    "sizes": []
                }
            },
            {
                "_id": "accent",
                "title": "Accent \/ Button",
                "typography_typography": "custom",
                "typography_font_family": "Figtree",
                "typography_font_weight": "600",
                "typography_font_size": {
                    "unit": "rem",
                    "size": 1.15,
                    "sizes": []
                },
                "typography_text_transform": "capitalize",
                "typography_line_height": {
                    "unit": "em",
                    "size": 1.1,
                    "sizes": []
                },
                "typography_font_size_tablet": {
                    "unit": "rem",
                    "size": 1.063,
                    "sizes": []
                },
                "typography_font_size_mobile": {
                    "unit": "rem",
                    "size": 0.9,
                    "sizes": []
                }
            }
        ],
        "custom_typography": [
            {
                "_id": "afdd48a",
                "title": "Homehero \/ H1",
                "typography_typography": "custom",
                "typography_font_family": "Figtree",
                "typography_font_size": {
                    "unit": "rem",
                    "size": 4.5,
                    "sizes": []
                },
                "typography_font_size_tablet": {
                    "unit": "rem",
                    "size": 3.5,
                    "sizes": []
                },
                "typography_font_size_mobile": {
                    "unit": "rem",
                    "size": 2,
                    "sizes": []
                },
                "typography_font_weight": "800",
                "typography_text_transform": "capitalize",
                "typography_line_height": {
                    "unit": "em",
                    "size": 1.2,
                    "sizes": []
                }
            },
            {
                "_id": "680525c",
                "title": "Extra Large \/ H2",
                "typography_typography": "custom",
                "typography_font_family": "Figtree",
                "typography_font_size": {
                    "unit": "rem",
                    "size": 3,
                    "sizes": []
                },
                "typography_font_size_tablet": {
                    "unit": "rem",
                    "size": 2.5,
                    "sizes": []
                },
                "typography_font_size_mobile": {
                    "unit": "rem",
                    "size": 1.5,
                    "sizes": []
                },
                "typography_font_weight": "800",
                "typography_text_transform": "capitalize",
                "typography_line_height": {
                    "unit": "em",
                    "size": 1.2,
                    "sizes": []
                }
            },
            {
                "_id": "31b0b4b",
                "title": "Large \/ H3",
                "typography_typography": "custom",
                "typography_font_family": "Figtree",
                "typography_font_size": {
                    "unit": "rem",
                    "size": 2,
                    "sizes": []
                },
                "typography_font_size_tablet": {
                    "unit": "rem",
                    "size": 1.5,
                    "sizes": []
                },
                "typography_font_size_mobile": {
                    "unit": "rem",
                    "size": 1.25,
                    "sizes": []
                },
                "typography_font_weight": "700",
                "typography_text_transform": "capitalize",
                "typography_line_height": {
                    "unit": "em",
                    "size": 1.2,
                    "sizes": []
                }
            },
            {
                "_id": "f9e0364",
                "title": "Medium \/ H4",
                "typography_typography": "custom",
                "typography_font_family": "Figtree",
                "typography_font_size": {
                    "unit": "rem",
                    "size": 1.563,
                    "sizes": []
                },
                "typography_font_size_tablet": {
                    "unit": "rem",
                    "size": 1.375,
                    "sizes": []
                },
                "typography_font_size_mobile": {
                    "unit": "rem",
                    "size": 1.125,
                    "sizes": []
                },
                "typography_font_weight": "700",
                "typography_text_transform": "capitalize",
                "typography_line_height": {
                    "unit": "em",
                    "size": 1.2,
                    "sizes": []
                }
            },
            {
                "_id": "aca0dbf",
                "title": "Small \/ H5",
                "typography_typography": "custom",
                "typography_font_family": "Figtree",
                "typography_font_size": {
                    "unit": "rem",
                    "size": 1.375,
                    "sizes": []
                },
                "typography_font_size_tablet": {
                    "unit": "rem",
                    "size": 1.25,
                    "sizes": []
                },
                "typography_font_size_mobile": {
                    "unit": "rem",
                    "size": 1,
                    "sizes": []
                },
                "typography_font_weight": "700",
                "typography_text_transform": "capitalize",
                "typography_line_height": {
                    "unit": "em",
                    "size": 1.2,
                    "sizes": []
                }
            },
            {
                "_id": "2a1ed9d",
                "title": "Extra Large \/ H6",
                "typography_typography": "custom",
                "typography_font_family": "Figtree",
                "typography_font_size": {
                    "unit": "rem",
                    "size": 1.25,
                    "sizes": []
                },
                "typography_font_size_tablet": {
                    "unit": "rem",
                    "size": 1.125,
                    "sizes": []
                },
                "typography_font_size_mobile": {
                    "unit": "rem",
                    "size": 0.938,
                    "sizes": []
                },
                "typography_font_weight": "600",
                "typography_text_transform": "capitalize",
                "typography_line_height": {
                    "unit": "em",
                    "size": 1.2,
                    "sizes": []
                }
            },
            {
                "typography_typography": "custom",
                "typography_font_family": "Figtree",
                "typography_font_size": {
                    "unit": "rem",
                    "size": 1.5,
                    "sizes": []
                },
                "typography_font_size_tablet": {
                    "unit": "rem",
                    "size": 1.125,
                    "sizes": []
                },
                "typography_font_size_mobile": {
                    "unit": "rem",
                    "size": 1.063,
                    "sizes": []
                },
                "typography_font_weight": "400",
                "_id": "e3df150",
                "title": "Testimonial"
            },
            {
                "typography_typography": "custom",
                "typography_font_family": "Figtree",
                "typography_font_size": {
                    "unit": "rem",
                    "size": 15,
                    "sizes": []
                },
                "typography_font_size_tablet": {
                    "unit": "rem",
                    "size": 10,
                    "sizes": []
                },
                "typography_font_size_mobile": {
                    "unit": "rem",
                    "size": 8,
                    "sizes": []
                },
                "typography_font_weight": "800",
                "typography_text_transform": "capitalize",
                "typography_line_height": {
                    "unit": "em",
                    "size": 1,
                    "sizes": []
                },
                "typography_line_height_tablet": {
                    "unit": "px",
                    "size": "",
                    "sizes": []
                },
                "typography_line_height_mobile": {
                    "unit": "px",
                    "size": "",
                    "sizes": []
                },
                "_id": "55bb2b3",
                "title": "404"
            }
        ],
        "default_generic_fonts": "Sans-serif",
        "body_background_background": "classic",
        "container_width": {
            "unit": "px",
            "size": 1280,
            "sizes": []
        },
        "container_padding": {
            "unit": "px",
            "top": "0",
            "right": "0",
            "bottom": "0",
            "left": "0",
            "isLinked": false
        },
        "page_title_selector": "h1.entry-title",
        "hello_footer_copyright_text": "All rights reserved",
        "container_width_tablet": {
            "unit": "%",
            "size": 90,
            "sizes": []
        },
        "container_width_mobile": {
            "unit": "%",
            "size": 90,
            "sizes": []
        },
        "activeItemIndex": 1,
        "__globals__": {
            "body_background_color": "globals\/colors?id=secondary",
            "h1_typography_typography": "globals\/typography?id=afdd48a",
            "h1_color": "globals\/colors?id=secondary",
            "h2_typography_typography": "globals\/typography?id=680525c",
            "h2_color": "globals\/colors?id=primary",
            "h3_typography_typography": "globals\/typography?id=31b0b4b",
            "h3_color": "globals\/colors?id=primary",
            "h4_typography_typography": "globals\/typography?id=f9e0364",
            "h4_color": "globals\/colors?id=primary",
            "h5_typography_typography": "globals\/typography?id=aca0dbf",
            "h5_color": "globals\/colors?id=primary",
            "h6_typography_typography": "globals\/typography?id=2a1ed9d",
            "body_typography_typography": "globals\/typography?id=text",
            "body_color": "globals\/colors?id=text",
            "button_typography_typography": "globals\/typography?id=accent",
            "button_text_color": "globals\/colors?id=secondary",
            "button_background_color": "globals\/colors?id=primary",
            "button_background_color_b": "globals\/colors?id=accent",
            "button_hover_text_color": "globals\/colors?id=secondary",
            "button_hover_background_color": "globals\/colors?id=primary",
            "h6_color": "globals\/colors?id=accent",
            "link_normal_color": "globals\/colors?id=723b1d2",
            "link_hover_color": "globals\/colors?id=secondary"
        },
        "viewport_md": 768,
        "viewport_lg": 1025,
        "button_border_radius": {
            "unit": "px",
            "top": "30",
            "right": "30",
            "bottom": "30",
            "left": "30",
            "isLinked": true
        },
        "button_padding": {
            "unit": "px",
            "top": "16",
            "right": "30",
            "bottom": "16",
            "left": "30",
            "isLinked": false
        }
    }
}