{
    "version": "0.4",
    "title": "Taoblaz &#8211; Header",
    "type": "section",
    "metadata": {
        "template_type": "section-header",
        "include_in_zip": "1",
        "elementor_pro_required": null,
        "wp_page_template": "elementor_canvas"
    },
    "content": [
        {
            "id": "730f65b",
            "settings": {
                "flex_direction": "row",
                "min_height": {
                    "unit": "vh",
                    "size": 10,
                    "sizes": []
                },
                "min_height_tablet": {
                    "unit": "vh",
                    "size": "",
                    "sizes": []
                },
                "min_height_mobile": {
                    "unit": "vh",
                    "size": "",
                    "sizes": []
                },
                "flex_justify_content": "space-between",
                "flex_align_items": "center",
                "background_background": "classic",
                "__globals__": {
                    "background_color": "globals\/colors?id=000902d"
                },
                "_title": "Header",
                "flex_wrap_tablet": "wrap",
                "box_shadow_box_shadow_type": "yes",
                "box_shadow_box_shadow": {
                    "horizontal": 0,
                    "vertical": 5,
                    "blur": 10,
                    "spread": 0,
                    "color": "rgba(0, 0, 0, 0.15)"
                },
                "z_index": 5
            },
            "elements": [
                {
                    "id": "930ad6b",
                    "settings": {
                        "content_width": "full",
                        "width": {
                            "unit": "%",
                            "size": 20,
                            "sizes": []
                        },
                        "_title": "Logo",
                        "width_tablet": {
                            "unit": "%",
                            "size": 50,
                            "sizes": []
                        },
                        "width_mobile": {
                            "unit": "%",
                            "size": 50,
                            "sizes": []
                        }
                    },
                    "elements": [
                        {
                            "id": "6a4fedbf",
                            "settings": {
                                "image": {
                                    "url": "https:\/\/kits.krakenbox.net\/taoblaz\/wp-content\/uploads\/sites\/39\/2025\/09\/Mainlogo.png",
                                    "id": 289,
                                    "size": "",
                                    "alt": "",
                                    "source": "library"
                                },
                                "image_size": "full",
                                "align_tablet": "left",
                                "width_tablet": {
                                    "unit": "%",
                                    "size": 40,
                                    "sizes": []
                                },
                                "width_mobile": {
                                    "unit": "%",
                                    "size": 80,
                                    "sizes": []
                                }
                            },
                            "elements": [],
                            "isInner": false,
                            "widgetType": "image",
                            "elType": "widget"
                        }
                    ],
                    "isInner": true,
                    "elType": "container"
                },
                {
                    "id": "5b7bdec6",
                    "settings": {
                        "content_width": "full",
                        "_title": "Nav Menu",
                        "width_tablet": {
                            "unit": "%",
                            "size": 47,
                            "sizes": []
                        },
                        "width_mobile": {
                            "unit": "%",
                            "size": 43,
                            "sizes": []
                        }
                    },
                    "elements": [
                        {
                            "id": "5a17131c",
                            "settings": {
                                "menu-position": "center",
                                "menu_horizontal_padding": {
                                    "unit": "px",
                                    "size": 20,
                                    "sizes": []
                                },
                                "__globals__": {
                                    "menu_typography_typography": "globals\/typography?id=accent",
                                    "text-color": "globals\/colors?id=secondary",
                                    "text-hover-color": "globals\/colors?id=723b1d2",
                                    "active-text-color": "globals\/colors?id=723b1d2",
                                    "submenu_typography_typography": "globals\/typography?id=accent",
                                    "submenu-bgcolor": "globals\/colors?id=secondary",
                                    "submenu-bgcolor-hover": "globals\/colors?id=secondary",
                                    "submenu-bgcolor-active": "globals\/colors?id=secondary",
                                    "submenu-textcolor": "globals\/colors?id=primary",
                                    "submenu-textcolor-   ": "globals\/colors?id=6cbad39",
                                    "submenu-textcolor-active": "globals\/colors?id=6cbad39",
                                    "menu_background_color_tablet": "globals\/colors?id=000902d",
                                    "submenu-bgcolor_tablet": "globals\/colors?id=secondary",
                                    "submenu-textcolor_tablet": "globals\/colors?id=primary",
                                    "submenu-textcolor-   _tablet": "globals\/colors?id=6cbad39",
                                    "submenu-textcolor-active_tablet": "globals\/colors?id=6cbad39",
                                    "text-color_tablet": "globals\/colors?id=secondary",
                                    "text-hover-color_tablet": "globals\/colors?id=723b1d2",
                                    "active-text-color_tablet": "globals\/colors?id=723b1d2",
                                    "btn-hamburger-color_tablet": "globals\/colors?id=secondary",
                                    "btn-hamburger-bg_tablet": "globals\/colors?id=accent",
                                    "btn-hamburger-hovercolor_tablet": "globals\/colors?id=000902d",
                                    "btn-hamburger-hoverbg_tablet": "globals\/colors?id=723b1d2"
                                },
                                "submenu_text_align_tablet": "center",
                                "box_shadow_box_shadow_type": "yes",
                                "box_shadow_box_shadow": {
                                    "horizontal": 0,
                                    "vertical": 10,
                                    "blur": 10,
                                    "spread": 0,
                                    "color": "rgba(0, 0, 0, 0.15)"
                                },
                                "submenu-radius": {
                                    "unit": "px",
                                    "top": "5",
                                    "right": "5",
                                    "bottom": "5",
                                    "left": "5",
                                    "isLinked": true
                                },
                                "hamburger-border-radius_tablet": {
                                    "unit": "px",
                                    "top": "5",
                                    "right": "5",
                                    "bottom": "5",
                                    "left": "5",
                                    "isLinked": true
                                }
                            },
                            "elements": [],
                            "isInner": false,
                            "widgetType": "rtm-navmenu",
                            "elType": "widget"
                        }
                    ],
                    "isInner": true,
                    "elType": "container"
                },
                {
                    "id": "64f9a3ae",
                    "settings": {
                        "content_width": "full",
                        "width": {
                            "unit": "%",
                            "size": 20,
                            "sizes": []
                        },
                        "_title": "Button",
                        "width_tablet": {
                            "unit": "%",
                            "size": 100,
                            "sizes": []
                        },
                        "width_mobile": {
                            "unit": "%",
                            "size": "",
                            "sizes": []
                        },
                        "hide_tablet": "hidden-tablet",
                        "hide_mobile": "hidden-mobile"
                    },
                    "elements": [
                        {
                            "id": "32849832",
                            "settings": {
                                "text": "get started",
                                "align": "right",
                                "hover_animation": "grow",
                                "__globals__": {
                                    "button_text_color": "globals\/colors?id=secondary",
                                    "background_color": "globals\/colors?id=accent"
                                },
                                "button_text_color": "#FFFFFF"
                            },
                            "elements": [],
                            "isInner": false,
                            "widgetType": "button",
                            "elType": "widget"
                        }
                    ],
                    "isInner": true,
                    "elType": "container"
                }
            ],
            "isInner": false,
            "elType": "container"
        }
    ]
}