{
    "version": "0.4",
    "title": "Taoblaz &#8211; Contact Form",
    "type": "section",
    "metadata": {
        "template_type": "section-contact",
        "include_in_zip": "1",
        "elementor_pro_required": null,
        "wp_page_template": "elementor_canvas"
    },
    "content": [
        {
            "id": "3bdccfbe",
            "settings": {
                "flex_direction": "column",
                "padding": {
                    "unit": "em",
                    "top": "0",
                    "right": "0",
                    "bottom": "0",
                    "left": "0",
                    "isLinked": false
                },
                "padding_tablet": {
                    "unit": "em",
                    "top": "",
                    "right": "",
                    "bottom": "",
                    "left": "",
                    "isLinked": true
                },
                "padding_mobile": {
                    "unit": "em",
                    "top": "",
                    "right": "",
                    "bottom": "",
                    "left": "",
                    "isLinked": true
                },
                "__globals__": {
                    "background_color": "globals\/colors?id=6cbad39"
                },
                "content_width": "full",
                "_title": "Edit Here"
            },
            "elements": [
                {
                    "id": "3612f666",
                    "settings": {
                        "content_width": "full",
                        "flex_direction": "row",
                        "_title": "1"
                    },
                    "elements": [
                        {
                            "id": "201c4a41",
                            "settings": {
                                "label_text": "Name",
                                "name_input": "rform-text",
                                "placeholder_input": "Your Name Here",
                                "warning_message": "This field is required",
                                "input_padding": {
                                    "unit": "px",
                                    "top": "16",
                                    "right": "16",
                                    "bottom": "16",
                                    "left": "16",
                                    "isLinked": true
                                },
                                "_element_width": "initial",
                                "_element_custom_width": {
                                    "unit": "%",
                                    "size": 50,
                                    "sizes": []
                                },
                                "required_input": "",
                                "label_color": "#FFFFFF",
                                "label_typography_typography": "custom",
                                "label_typography_font_family": "Figtree",
                                "label_typography_font_size": {
                                    "unit": "rem",
                                    "size": 1.15,
                                    "sizes": []
                                },
                                "label_typography_font_size_tablet": {
                                    "unit": "rem",
                                    "size": 1.063,
                                    "sizes": []
                                },
                                "label_typography_font_size_mobile": {
                                    "unit": "rem",
                                    "size": 0.9,
                                    "sizes": []
                                },
                                "label_typography_font_weight": "600",
                                "label_typography_text_transform": "capitalize",
                                "label_typography_line_height": {
                                    "unit": "em",
                                    "size": 1.1,
                                    "sizes": []
                                },
                                "input_typography_typography": "custom",
                                "input_typography_font_family": "Figtree",
                                "input_typography_font_size": {
                                    "unit": "rem",
                                    "size": 1.1,
                                    "sizes": []
                                },
                                "input_typography_font_size_tablet": {
                                    "unit": "rem",
                                    "size": 1,
                                    "sizes": []
                                },
                                "input_typography_font_size_mobile": {
                                    "unit": "rem",
                                    "size": 0.9,
                                    "sizes": []
                                },
                                "input_typography_font_weight": "400",
                                "input_border_radius": {
                                    "unit": "px",
                                    "top": "8",
                                    "right": "8",
                                    "bottom": "8",
                                    "left": "8",
                                    "isLinked": true
                                },
                                "input_background_normal_background": "classic",
                                "input_border_normal_border": "none",
                                "_element_custom_width_mobile": {
                                    "unit": "%",
                                    "size": 100,
                                    "sizes": []
                                },
                                "__globals__": {
                                    "input_typography_typography": "globals\/typography?id=text",
                                    "label_typography_typography": "globals\/typography?id=accent",
                                    "label_color": "globals\/colors?id=secondary",
                                    "input_background_normal_color": "globals\/colors?id=80ad6fd",
                                    "input_color_normal": "globals\/colors?id=secondary",
                                    "input_color_hover": "globals\/colors?id=secondary",
                                    "input_color_focus": "globals\/colors?id=secondary",
                                    "input_color_warning": "globals\/colors?id=723b1d2",
                                    "placeholder_typography_typography": "globals\/typography?id=text",
                                    "placeholder_color": "globals\/colors?id=secondary",
                                    "warning_color": "globals\/colors?id=723b1d2",
                                    "warning_typography_typography": "globals\/typography?id=text"
                                }
                            },
                            "elements": [],
                            "isInner": false,
                            "widgetType": "text",
                            "elType": "widget"
                        },
                        {
                            "id": "23db396b",
                            "settings": {
                                "label_text": "Email",
                                "name_input": "rform-email",
                                "placeholder_input": "Your Email Here",
                                "required_input": "",
                                "warning_message": "This field is required",
                                "label_color": "#FFFFFF",
                                "label_typography_typography": "custom",
                                "label_typography_font_family": "Figtree",
                                "label_typography_font_size": {
                                    "unit": "rem",
                                    "size": 1.15,
                                    "sizes": []
                                },
                                "label_typography_font_size_tablet": {
                                    "unit": "rem",
                                    "size": 1.063,
                                    "sizes": []
                                },
                                "label_typography_font_size_mobile": {
                                    "unit": "rem",
                                    "size": 0.9,
                                    "sizes": []
                                },
                                "label_typography_font_weight": "600",
                                "label_typography_text_transform": "capitalize",
                                "label_typography_line_height": {
                                    "unit": "em",
                                    "size": 1.1,
                                    "sizes": []
                                },
                                "input_padding": {
                                    "unit": "px",
                                    "top": "16",
                                    "right": "16",
                                    "bottom": "16",
                                    "left": "16",
                                    "isLinked": true
                                },
                                "input_typography_typography": "custom",
                                "input_typography_font_family": "Figtree",
                                "input_typography_font_size": {
                                    "unit": "rem",
                                    "size": 1.1,
                                    "sizes": []
                                },
                                "input_typography_font_size_tablet": {
                                    "unit": "rem",
                                    "size": 1,
                                    "sizes": []
                                },
                                "input_typography_font_size_mobile": {
                                    "unit": "rem",
                                    "size": 0.9,
                                    "sizes": []
                                },
                                "input_typography_font_weight": "400",
                                "input_border_radius": {
                                    "unit": "px",
                                    "top": "8",
                                    "right": "8",
                                    "bottom": "8",
                                    "left": "8",
                                    "isLinked": true
                                },
                                "input_background_normal_background": "classic",
                                "input_border_normal_border": "none",
                                "_element_width": "initial",
                                "_element_custom_width": {
                                    "unit": "%",
                                    "size": 50,
                                    "sizes": []
                                },
                                "_element_custom_width_mobile": {
                                    "unit": "%",
                                    "size": 100,
                                    "sizes": []
                                },
                                "__globals__": {
                                    "input_typography_typography": "globals\/typography?id=text",
                                    "label_typography_typography": "globals\/typography?id=accent",
                                    "label_color": "globals\/colors?id=secondary",
                                    "input_background_normal_color": "globals\/colors?id=80ad6fd",
                                    "input_color_normal": "globals\/colors?id=secondary",
                                    "input_color_hover": "globals\/colors?id=secondary",
                                    "input_color_focus": "globals\/colors?id=secondary",
                                    "input_color_warning": "globals\/colors?id=723b1d2",
                                    "placeholder_typography_typography": "globals\/typography?id=text",
                                    "placeholder_color": "globals\/colors?id=secondary",
                                    "warning_color": "globals\/colors?id=723b1d2",
                                    "warning_typography_typography": "globals\/typography?id=text"
                                }
                            },
                            "elements": [],
                            "isInner": false,
                            "widgetType": "email",
                            "elType": "widget"
                        }
                    ],
                    "isInner": true,
                    "elType": "container"
                },
                {
                    "id": "d343499",
                    "settings": {
                        "content_width": "full",
                        "flex_direction": "row",
                        "_title": "2"
                    },
                    "elements": [
                        {
                            "id": "6a0ef4ea",
                            "settings": {
                                "label_text": "Subject",
                                "name_input": "rform-text",
                                "placeholder_input": "Your Subject Here",
                                "warning_message": "This field is required",
                                "input_padding": {
                                    "unit": "px",
                                    "top": "16",
                                    "right": "16",
                                    "bottom": "16",
                                    "left": "16",
                                    "isLinked": true
                                },
                                "_element_width": "initial",
                                "_element_custom_width": {
                                    "unit": "%",
                                    "size": 50,
                                    "sizes": []
                                },
                                "required_input": "",
                                "label_color": "#FFFFFF",
                                "label_typography_typography": "custom",
                                "label_typography_font_family": "Figtree",
                                "label_typography_font_size": {
                                    "unit": "rem",
                                    "size": 1.15,
                                    "sizes": []
                                },
                                "label_typography_font_size_tablet": {
                                    "unit": "rem",
                                    "size": 1.063,
                                    "sizes": []
                                },
                                "label_typography_font_size_mobile": {
                                    "unit": "rem",
                                    "size": 0.9,
                                    "sizes": []
                                },
                                "label_typography_font_weight": "600",
                                "label_typography_text_transform": "capitalize",
                                "label_typography_line_height": {
                                    "unit": "em",
                                    "size": 1.1,
                                    "sizes": []
                                },
                                "input_typography_typography": "custom",
                                "input_typography_font_family": "Figtree",
                                "input_typography_font_size": {
                                    "unit": "rem",
                                    "size": 1.1,
                                    "sizes": []
                                },
                                "input_typography_font_size_tablet": {
                                    "unit": "rem",
                                    "size": 1,
                                    "sizes": []
                                },
                                "input_typography_font_size_mobile": {
                                    "unit": "rem",
                                    "size": 0.9,
                                    "sizes": []
                                },
                                "input_typography_font_weight": "400",
                                "input_border_radius": {
                                    "unit": "px",
                                    "top": "8",
                                    "right": "8",
                                    "bottom": "8",
                                    "left": "8",
                                    "isLinked": true
                                },
                                "input_background_normal_background": "classic",
                                "input_border_normal_border": "none",
                                "_element_custom_width_mobile": {
                                    "unit": "%",
                                    "size": 100,
                                    "sizes": []
                                },
                                "__globals__": {
                                    "input_typography_typography": "globals\/typography?id=text",
                                    "label_typography_typography": "globals\/typography?id=accent",
                                    "label_color": "globals\/colors?id=secondary",
                                    "input_background_normal_color": "globals\/colors?id=80ad6fd",
                                    "input_color_normal": "globals\/colors?id=secondary",
                                    "input_color_hover": "globals\/colors?id=secondary",
                                    "input_color_focus": "globals\/colors?id=secondary",
                                    "input_color_warning": "globals\/colors?id=723b1d2",
                                    "placeholder_typography_typography": "globals\/typography?id=text",
                                    "placeholder_color": "globals\/colors?id=secondary",
                                    "warning_color": "globals\/colors?id=723b1d2",
                                    "warning_typography_typography": "globals\/typography?id=text"
                                }
                            },
                            "elements": [],
                            "isInner": false,
                            "widgetType": "text",
                            "elType": "widget"
                        },
                        {
                            "id": "7f66043e",
                            "settings": {
                                "label_text": "Number",
                                "name_input": "rform-number",
                                "placeholder_input": "Your Number Here",
                                "required_input": "",
                                "warning_message": "This field is required",
                                "label_color": "#FFFFFF",
                                "label_typography_typography": "custom",
                                "label_typography_font_family": "Figtree",
                                "label_typography_font_size": {
                                    "unit": "rem",
                                    "size": 1.15,
                                    "sizes": []
                                },
                                "label_typography_font_size_tablet": {
                                    "unit": "rem",
                                    "size": 1.063,
                                    "sizes": []
                                },
                                "label_typography_font_size_mobile": {
                                    "unit": "rem",
                                    "size": 0.9,
                                    "sizes": []
                                },
                                "label_typography_font_weight": "600",
                                "label_typography_text_transform": "capitalize",
                                "label_typography_line_height": {
                                    "unit": "em",
                                    "size": 1.1,
                                    "sizes": []
                                },
                                "input_padding": {
                                    "unit": "px",
                                    "top": "16",
                                    "right": "16",
                                    "bottom": "16",
                                    "left": "16",
                                    "isLinked": true
                                },
                                "input_typography_typography": "custom",
                                "input_typography_font_family": "Figtree",
                                "input_typography_font_size": {
                                    "unit": "rem",
                                    "size": 1.1,
                                    "sizes": []
                                },
                                "input_typography_font_size_tablet": {
                                    "unit": "rem",
                                    "size": 1,
                                    "sizes": []
                                },
                                "input_typography_font_size_mobile": {
                                    "unit": "rem",
                                    "size": 0.9,
                                    "sizes": []
                                },
                                "input_typography_font_weight": "400",
                                "input_border_radius": {
                                    "unit": "px",
                                    "top": "8",
                                    "right": "8",
                                    "bottom": "8",
                                    "left": "8",
                                    "isLinked": true
                                },
                                "input_background_normal_background": "classic",
                                "input_border_normal_border": "none",
                                "_element_width": "initial",
                                "_element_custom_width": {
                                    "unit": "%",
                                    "size": 50,
                                    "sizes": []
                                },
                                "_element_custom_width_mobile": {
                                    "unit": "%",
                                    "size": 100,
                                    "sizes": []
                                },
                                "__globals__": {
                                    "input_typography_typography": "globals\/typography?id=text",
                                    "label_typography_typography": "globals\/typography?id=accent",
                                    "label_color": "globals\/colors?id=secondary",
                                    "input_background_normal_color": "globals\/colors?id=80ad6fd",
                                    "input_color_normal": "globals\/colors?id=secondary",
                                    "input_color_hover": "globals\/colors?id=secondary",
                                    "input_color_focus": "globals\/colors?id=secondary",
                                    "input_color_warning": "globals\/colors?id=723b1d2",
                                    "placeholder_typography_typography": "globals\/typography?id=text",
                                    "placeholder_color": "globals\/colors?id=secondary",
                                    "warning_color": "globals\/colors?id=723b1d2",
                                    "warning_typography_typography": "globals\/typography?id=text"
                                }
                            },
                            "elements": [],
                            "isInner": false,
                            "widgetType": "rform_number",
                            "elType": "widget"
                        }
                    ],
                    "isInner": true,
                    "elType": "container"
                },
                {
                    "id": "150b8038",
                    "settings": {
                        "content_width": "full",
                        "flex_direction": "column",
                        "_title": "3"
                    },
                    "elements": [
                        {
                            "id": "2ae8b15c",
                            "settings": {
                                "label_text": "Message",
                                "name_input": "rform-message ",
                                "placeholder_input": "Input Message Here",
                                "required_input": "",
                                "warning_message": "This field is required",
                                "label_color": "#FFFFFF",
                                "label_typography_typography": "custom",
                                "label_typography_font_family": "Figtree",
                                "label_typography_font_size": {
                                    "unit": "rem",
                                    "size": 1.15,
                                    "sizes": []
                                },
                                "label_typography_font_size_tablet": {
                                    "unit": "rem",
                                    "size": 1.063,
                                    "sizes": []
                                },
                                "label_typography_font_size_mobile": {
                                    "unit": "rem",
                                    "size": 0.9,
                                    "sizes": []
                                },
                                "label_typography_font_weight": "600",
                                "label_typography_text_transform": "capitalize",
                                "label_typography_line_height": {
                                    "unit": "em",
                                    "size": 1.1,
                                    "sizes": []
                                },
                                "input_height": {
                                    "unit": "px",
                                    "size": 240,
                                    "sizes": []
                                },
                                "input_padding": {
                                    "unit": "px",
                                    "top": "16",
                                    "right": "16",
                                    "bottom": "16",
                                    "left": "16",
                                    "isLinked": true
                                },
                                "input_typography_typography": "custom",
                                "input_typography_font_family": "Figtree",
                                "input_typography_font_size": {
                                    "unit": "rem",
                                    "size": 1.1,
                                    "sizes": []
                                },
                                "input_typography_font_size_tablet": {
                                    "unit": "rem",
                                    "size": 1,
                                    "sizes": []
                                },
                                "input_typography_font_size_mobile": {
                                    "unit": "rem",
                                    "size": 0.9,
                                    "sizes": []
                                },
                                "input_typography_font_weight": "400",
                                "input_border_radius": {
                                    "unit": "px",
                                    "top": "8",
                                    "right": "8",
                                    "bottom": "8",
                                    "left": "8",
                                    "isLinked": true
                                },
                                "input_border_radius_tablet": {
                                    "unit": "px",
                                    "top": "",
                                    "right": "",
                                    "bottom": "",
                                    "left": "",
                                    "isLinked": true
                                },
                                "input_border_radius_mobile": {
                                    "unit": "px",
                                    "top": "",
                                    "right": "",
                                    "bottom": "",
                                    "left": "",
                                    "isLinked": true
                                },
                                "input_background_normal_background": "classic",
                                "input_border_normal_border": "none",
                                "_element_custom_width": {
                                    "unit": "%",
                                    "size": 50,
                                    "sizes": []
                                },
                                "__globals__": {
                                    "input_typography_typography": "globals\/typography?id=text",
                                    "label_typography_typography": "globals\/typography?id=accent",
                                    "label_color": "globals\/colors?id=secondary",
                                    "input_background_normal_color": "globals\/colors?id=80ad6fd",
                                    "input_color_normal": "globals\/colors?id=secondary",
                                    "input_color_hover": "globals\/colors?id=secondary",
                                    "input_color_focus": "globals\/colors?id=secondary",
                                    "input_color_warning": "globals\/colors?id=723b1d2",
                                    "placeholder_typography_typography": "globals\/typography?id=text",
                                    "placeholder_color": "globals\/colors?id=secondary",
                                    "warning_color": "globals\/colors?id=723b1d2",
                                    "warning_typography_typography": "globals\/typography?id=text"
                                }
                            },
                            "elements": [],
                            "isInner": false,
                            "widgetType": "text-area",
                            "elType": "widget"
                        },
                        {
                            "id": "5121c280",
                            "settings": {
                                "button_text": "Submit Now",
                                "btn_fullwidth": "yes",
                                "btn_padding": {
                                    "unit": "px",
                                    "top": "16",
                                    "right": "30",
                                    "bottom": "16",
                                    "left": "30",
                                    "isLinked": false
                                },
                                "btn_background_normal_background": "classic",
                                "btn_background_hover_background": "classic",
                                "__globals__": {
                                    "btn_typography_typography": "globals\/typography?id=accent",
                                    "btn_color_normal": "globals\/colors?id=primary",
                                    "btn_background_normal_color": "globals\/colors?id=723b1d2",
                                    "btn_color_hover": "globals\/colors?id=secondary",
                                    "btn_background_hover_color": "globals\/colors?id=primary"
                                }
                            },
                            "elements": [],
                            "isInner": false,
                            "widgetType": "rform_button_submit",
                            "elType": "widget"
                        }
                    ],
                    "isInner": true,
                    "elType": "container"
                }
            ],
            "isInner": false,
            "elType": "container"
        }
    ]
}