{
    "version": "0.4",
    "title": "Taoblaz &#8211; Footer",
    "type": "section",
    "metadata": {
        "template_type": "section-footer",
        "include_in_zip": "1",
        "elementor_pro_required": null,
        "wp_page_template": "elementor_canvas"
    },
    "content": [
        {
            "id": "2ed7954c",
            "settings": {
                "flex_direction": "column",
                "flex_gap": {
                    "column": "50",
                    "row": "50",
                    "isLinked": true,
                    "unit": "px",
                    "size": 50
                },
                "background_background": "classic",
                "padding": {
                    "unit": "em",
                    "top": "6",
                    "right": "0",
                    "bottom": "3",
                    "left": "0",
                    "isLinked": false
                },
                "padding_tablet": {
                    "unit": "em",
                    "top": "",
                    "right": "",
                    "bottom": "",
                    "left": "",
                    "isLinked": true
                },
                "padding_mobile": {
                    "unit": "em",
                    "top": "",
                    "right": "",
                    "bottom": "",
                    "left": "",
                    "isLinked": true
                },
                "__globals__": {
                    "background_color": "globals\/colors?id=000902d"
                },
                "_title": "Footer"
            },
            "elements": [
                {
                    "id": "5c56f9e1",
                    "settings": {
                        "content_width": "full",
                        "flex_direction": "row",
                        "flex_gap": {
                            "column": "50",
                            "row": "50",
                            "isLinked": true,
                            "unit": "px",
                            "size": 50
                        },
                        "flex_wrap_tablet": "wrap",
                        "border_border": "solid",
                        "border_width": {
                            "unit": "px",
                            "top": "0",
                            "right": "0",
                            "bottom": "1",
                            "left": "0",
                            "isLinked": false
                        },
                        "padding": {
                            "unit": "em",
                            "top": "0",
                            "right": "0",
                            "bottom": "3",
                            "left": "0",
                            "isLinked": false
                        },
                        "padding_tablet": {
                            "unit": "em",
                            "top": "",
                            "right": "",
                            "bottom": "",
                            "left": "",
                            "isLinked": true
                        },
                        "padding_mobile": {
                            "unit": "em",
                            "top": "",
                            "right": "",
                            "bottom": "",
                            "left": "",
                            "isLinked": true
                        },
                        "_title": "Links",
                        "__globals__": {
                            "border_color": "globals\/colors?id=secondary"
                        }
                    },
                    "elements": [
                        {
                            "id": "110b6cc2",
                            "settings": {
                                "content_width": "full",
                                "width": {
                                    "unit": "%",
                                    "size": 80,
                                    "sizes": []
                                },
                                "width_tablet": {
                                    "unit": "%",
                                    "size": 100,
                                    "sizes": []
                                },
                                "width_mobile": {
                                    "unit": "%",
                                    "size": "",
                                    "sizes": []
                                }
                            },
                            "elements": [
                                {
                                    "id": "2dbf1d8c",
                                    "settings": {
                                        "image": {
                                            "url": "https:\/\/kits.krakenbox.net\/taoblaz\/wp-content\/uploads\/sites\/39\/2025\/09\/Mainlogo.png",
                                            "id": 289,
                                            "size": "",
                                            "alt": "",
                                            "source": "library"
                                        },
                                        "image_size": "full",
                                        "align": "left",
                                        "width": {
                                            "unit": "%",
                                            "size": 40,
                                            "sizes": []
                                        },
                                        "align_mobile": "center",
                                        "width_tablet": {
                                            "unit": "%",
                                            "size": 30,
                                            "sizes": []
                                        }
                                    },
                                    "elements": [],
                                    "isInner": false,
                                    "widgetType": "image",
                                    "elType": "widget"
                                },
                                {
                                    "id": "13655c3",
                                    "settings": {
                                        "__globals__": {
                                            "text_color": "globals\/colors?id=secondary"
                                        },
                                        "align_mobile": "center"
                                    },
                                    "elements": [],
                                    "isInner": false,
                                    "widgetType": "text-editor",
                                    "elType": "widget"
                                },
                                {
                                    "id": "1374ac3d",
                                    "settings": {
                                        "select_style": "icon",
                                        "social_media": [
                                            {
                                                "label_social": "Facebook",
                                                "social_icon": {
                                                    "value": "fab fa-facebook-f",
                                                    "library": "fa-brands"
                                                },
                                                "_id": "b3a73fb"
                                            },
                                            {
                                                "label_social": "Twitter",
                                                "social_select": "twitter",
                                                "social_icon": {
                                                    "value": "fab fa-x-twitter",
                                                    "library": "fa-brands"
                                                },
                                                "_id": "36da98f"
                                            },
                                            {
                                                "label_social": "Whatsapp",
                                                "social_select": "whatsapp",
                                                "social_icon": {
                                                    "value": "fab fa-whatsapp",
                                                    "library": "fa-brands"
                                                },
                                                "_id": "cc41e49"
                                            },
                                            {
                                                "label_social": "Telegram",
                                                "social_select": "telegram",
                                                "social_icon": {
                                                    "value": "fab fa-telegram-plane",
                                                    "library": "fa-brands"
                                                },
                                                "_id": "0d7ebbe"
                                            }
                                        ],
                                        "social_alignment": "left",
                                        "social_alignment_mobile": "center",
                                        "select_color": "custom",
                                        "social_bg_normal_background": "classic",
                                        "social_bg_hover_background": "classic",
                                        "border-radius": {
                                            "unit": "px",
                                            "top": "500",
                                            "right": "500",
                                            "bottom": "500",
                                            "left": "500",
                                            "isLinked": true
                                        },
                                        "__globals__": {
                                            "social_text_color_normal": "globals\/colors?id=000902d",
                                            "social_icon_color_normal": "globals\/colors?id=000902d",
                                            "social_bg_normal_color": "globals\/colors?id=accent",
                                            "social_text_color_hover": "globals\/colors?id=primary",
                                            "social_icon_color_hover": "globals\/colors?id=primary",
                                            "social_border_color_hover": "globals\/colors?id=723b1d2",
                                            "social_bg_hover_color": "globals\/colors?id=723b1d2"
                                        }
                                    },
                                    "elements": [],
                                    "isInner": false,
                                    "widgetType": "rtm-social_icon",
                                    "elType": "widget"
                                }
                            ],
                            "isInner": true,
                            "elType": "container"
                        },
                        {
                            "id": "583b99c1",
                            "settings": {
                                "content_width": "full",
                                "flex_direction": "row",
                                "flex_gap": {
                                    "column": "50",
                                    "row": "50",
                                    "isLinked": true,
                                    "unit": "px",
                                    "size": 50
                                }
                            },
                            "elements": [
                                {
                                    "id": "15162dce",
                                    "settings": {
                                        "content_width": "full"
                                    },
                                    "elements": [
                                        {
                                            "id": "7dcb0a7e",
                                            "settings": {
                                                "title": "Link",
                                                "header_size": "h4",
                                                "_padding": {
                                                    "unit": "px",
                                                    "top": "0",
                                                    "right": "0",
                                                    "bottom": "10",
                                                    "left": "0",
                                                    "isLinked": false
                                                },
                                                "_border_border": "solid",
                                                "_border_width": {
                                                    "unit": "px",
                                                    "top": "0",
                                                    "right": "0",
                                                    "bottom": "1",
                                                    "left": "0",
                                                    "isLinked": false
                                                },
                                                "__globals__": {
                                                    "title_color": "globals\/colors?id=723b1d2",
                                                    "_border_color": "globals\/colors?id=secondary"
                                                }
                                            },
                                            "elements": [],
                                            "isInner": false,
                                            "widgetType": "heading",
                                            "elType": "widget"
                                        },
                                        {
                                            "id": "391625f2",
                                            "settings": {
                                                "title": "About Us",
                                                "link": {
                                                    "url": "#",
                                                    "is_external": "",
                                                    "nofollow": "",
                                                    "custom_attributes": ""
                                                },
                                                "header_size": "p",
                                                "title_hover_color_transition_duration": {
                                                    "unit": "s",
                                                    "size": 0.2,
                                                    "sizes": []
                                                },
                                                "__globals__": {
                                                    "typography_typography": "globals\/typography?id=accent",
                                                    "title_color": "globals\/colors?id=secondary",
                                                    "title_hover_color": "globals\/colors?id=723b1d2"
                                                }
                                            },
                                            "elements": [],
                                            "isInner": false,
                                            "widgetType": "heading",
                                            "elType": "widget"
                                        },
                                        {
                                            "id": "2869135f",
                                            "settings": {
                                                "title": "Services",
                                                "link": {
                                                    "url": "#",
                                                    "is_external": "",
                                                    "nofollow": "",
                                                    "custom_attributes": ""
                                                },
                                                "header_size": "p",
                                                "title_hover_color_transition_duration": {
                                                    "unit": "s",
                                                    "size": 0.2,
                                                    "sizes": []
                                                },
                                                "__globals__": {
                                                    "typography_typography": "globals\/typography?id=accent",
                                                    "title_color": "globals\/colors?id=secondary",
                                                    "title_hover_color": "globals\/colors?id=723b1d2"
                                                }
                                            },
                                            "elements": [],
                                            "isInner": false,
                                            "widgetType": "heading",
                                            "elType": "widget"
                                        },
                                        {
                                            "id": "4598cf5f",
                                            "settings": {
                                                "title": "FAQs",
                                                "link": {
                                                    "url": "#",
                                                    "is_external": "",
                                                    "nofollow": "",
                                                    "custom_attributes": ""
                                                },
                                                "header_size": "p",
                                                "title_hover_color_transition_duration": {
                                                    "unit": "s",
                                                    "size": 0.2,
                                                    "sizes": []
                                                },
                                                "__globals__": {
                                                    "typography_typography": "globals\/typography?id=accent",
                                                    "title_color": "globals\/colors?id=secondary",
                                                    "title_hover_color": "globals\/colors?id=723b1d2"
                                                }
                                            },
                                            "elements": [],
                                            "isInner": false,
                                            "widgetType": "heading",
                                            "elType": "widget"
                                        },
                                        {
                                            "id": "59955c0d",
                                            "settings": {
                                                "title": "Contact Us",
                                                "link": {
                                                    "url": "#",
                                                    "is_external": "",
                                                    "nofollow": "",
                                                    "custom_attributes": ""
                                                },
                                                "header_size": "p",
                                                "title_hover_color_transition_duration": {
                                                    "unit": "s",
                                                    "size": 0.2,
                                                    "sizes": []
                                                },
                                                "__globals__": {
                                                    "typography_typography": "globals\/typography?id=accent",
                                                    "title_color": "globals\/colors?id=secondary",
                                                    "title_hover_color": "globals\/colors?id=723b1d2"
                                                }
                                            },
                                            "elements": [],
                                            "isInner": false,
                                            "widgetType": "heading",
                                            "elType": "widget"
                                        }
                                    ],
                                    "isInner": true,
                                    "elType": "container"
                                },
                                {
                                    "id": "6ee533c7",
                                    "settings": {
                                        "content_width": "full"
                                    },
                                    "elements": [
                                        {
                                            "id": "706f4bc9",
                                            "settings": {
                                                "title": "Explore",
                                                "header_size": "h4",
                                                "_padding": {
                                                    "unit": "px",
                                                    "top": "0",
                                                    "right": "0",
                                                    "bottom": "10",
                                                    "left": "0",
                                                    "isLinked": false
                                                },
                                                "_border_border": "solid",
                                                "_border_width": {
                                                    "unit": "px",
                                                    "top": "0",
                                                    "right": "0",
                                                    "bottom": "1",
                                                    "left": "0",
                                                    "isLinked": false
                                                },
                                                "__globals__": {
                                                    "title_color": "globals\/colors?id=723b1d2",
                                                    "_border_color": "globals\/colors?id=secondary"
                                                }
                                            },
                                            "elements": [],
                                            "isInner": false,
                                            "widgetType": "heading",
                                            "elType": "widget"
                                        },
                                        {
                                            "id": "6a77d607",
                                            "settings": {
                                                "title": "Support",
                                                "link": {
                                                    "url": "#",
                                                    "is_external": "",
                                                    "nofollow": "",
                                                    "custom_attributes": ""
                                                },
                                                "header_size": "p",
                                                "title_hover_color_transition_duration": {
                                                    "unit": "s",
                                                    "size": 0.2,
                                                    "sizes": []
                                                },
                                                "__globals__": {
                                                    "typography_typography": "globals\/typography?id=accent",
                                                    "title_color": "globals\/colors?id=secondary",
                                                    "title_hover_color": "globals\/colors?id=723b1d2"
                                                }
                                            },
                                            "elements": [],
                                            "isInner": false,
                                            "widgetType": "heading",
                                            "elType": "widget"
                                        },
                                        {
                                            "id": "45ab0a34",
                                            "settings": {
                                                "title": "Team",
                                                "link": {
                                                    "url": "#",
                                                    "is_external": "",
                                                    "nofollow": "",
                                                    "custom_attributes": ""
                                                },
                                                "header_size": "p",
                                                "title_hover_color_transition_duration": {
                                                    "unit": "s",
                                                    "size": 0.2,
                                                    "sizes": []
                                                },
                                                "__globals__": {
                                                    "typography_typography": "globals\/typography?id=accent",
                                                    "title_color": "globals\/colors?id=secondary",
                                                    "title_hover_color": "globals\/colors?id=723b1d2"
                                                }
                                            },
                                            "elements": [],
                                            "isInner": false,
                                            "widgetType": "heading",
                                            "elType": "widget"
                                        },
                                        {
                                            "id": "7934015c",
                                            "settings": {
                                                "title": "Blogs",
                                                "link": {
                                                    "url": "#",
                                                    "is_external": "",
                                                    "nofollow": "",
                                                    "custom_attributes": ""
                                                },
                                                "header_size": "p",
                                                "title_hover_color_transition_duration": {
                                                    "unit": "s",
                                                    "size": 0.2,
                                                    "sizes": []
                                                },
                                                "__globals__": {
                                                    "typography_typography": "globals\/typography?id=accent",
                                                    "title_color": "globals\/colors?id=secondary",
                                                    "title_hover_color": "globals\/colors?id=723b1d2"
                                                }
                                            },
                                            "elements": [],
                                            "isInner": false,
                                            "widgetType": "heading",
                                            "elType": "widget"
                                        },
                                        {
                                            "id": "2a082a82",
                                            "settings": {
                                                "title": "Gallery",
                                                "link": {
                                                    "url": "#",
                                                    "is_external": "",
                                                    "nofollow": "",
                                                    "custom_attributes": ""
                                                },
                                                "header_size": "p",
                                                "title_hover_color_transition_duration": {
                                                    "unit": "s",
                                                    "size": 0.2,
                                                    "sizes": []
                                                },
                                                "__globals__": {
                                                    "typography_typography": "globals\/typography?id=accent",
                                                    "title_color": "globals\/colors?id=secondary",
                                                    "title_hover_color": "globals\/colors?id=723b1d2"
                                                }
                                            },
                                            "elements": [],
                                            "isInner": false,
                                            "widgetType": "heading",
                                            "elType": "widget"
                                        }
                                    ],
                                    "isInner": true,
                                    "elType": "container"
                                }
                            ],
                            "isInner": true,
                            "elType": "container"
                        },
                        {
                            "id": "3a238133",
                            "settings": {
                                "content_width": "full",
                                "width": {
                                    "unit": "%",
                                    "size": 80,
                                    "sizes": []
                                }
                            },
                            "elements": [
                                {
                                    "id": "64007b74",
                                    "settings": {
                                        "title": "Subscribe For our latest blogs & articles",
                                        "header_size": "h4",
                                        "__globals__": {
                                            "title_color": "globals\/colors?id=723b1d2"
                                        }
                                    },
                                    "elements": [],
                                    "isInner": false,
                                    "widgetType": "heading",
                                    "elType": "widget"
                                },
                                {
                                    "id": "333a85a0",
                                    "settings": {
                                        "form-control": "312",
                                        "close_text": "\u2716"
                                    },
                                    "elements": [],
                                    "isInner": false,
                                    "widgetType": "rform",
                                    "elType": "widget"
                                }
                            ],
                            "isInner": true,
                            "elType": "container"
                        }
                    ],
                    "isInner": true,
                    "elType": "container"
                },
                {
                    "id": "5b47591a",
                    "settings": {
                        "content_width": "full"
                    },
                    "elements": [
                        {
                            "id": "5dcd6a15",
                            "settings": {
                                "title": "Copyright \u00a9 2025 Krakenbox. All Rights Reserved.",
                                "header_size": "p",
                                "align": "center",
                                "__globals__": {
                                    "title_color": "globals\/colors?id=secondary"
                                }
                            },
                            "elements": [],
                            "isInner": false,
                            "widgetType": "heading",
                            "elType": "widget"
                        }
                    ],
                    "isInner": true,
                    "elType": "container"
                }
            ],
            "isInner": false,
            "elType": "container"
        }
    ]
}